PARAMETER,YEAR,JAN,FEB,MAR,APR,MAY,JUN,JUL,AUG,SEP,OCT,NOV,DEC,ANN
PS,1990,79.1,79.25,79.21,79.2,79.25,79.26,79.3,79.31,79.26,79.27,79.17,79.2,79.23
PS,1991,79.24,79.2,79.21,79.22,79.27,79.29,79.3,79.31,79.25,79.2,79.16,79.13,79.23
PS,1992,79.15,79.19,79.16,79.17,79.19,79.2,79.3,79.33,79.2,79.21,79.16,79.15,79.2
PS,1993,79.23,79.19,79.22,79.18,79.23,79.25,79.28,79.29,79.27,79.25,79.21,79.17,79.23
PS,1994,79.19,79.19,79.23,79.23,79.26,79.28,79.26,79.29,79.26,79.22,79.22,79.18,79.23
PS,1995,79.21,79.28,79.23,79.18,79.28,79.3,79.26,79.29,79.32,79.23,79.22,79.24,79.25
PS,1996,79.18,79.17,79.22,79.21,79.31,79.3,79.34,79.31,79.23,79.22,79.14,79.13,79.23
PS,1997,79.26,79.14,79.19,79.22,79.22,79.24,79.24,79.26,79.25,79.23,79.24,79.17,79.22
PS,1998,79.13,79.26,79.18,79.24,79.34,79.34,79.34,79.33,79.33,79.28,79.21,79.24,79.27
PS,1999,79.19,79.22,79.15,79.22,79.3,79.3,79.31,79.31,79.27,79.28,79.2,79.21,79.25
PS,2000,79.19,79.25,79.17,79.23,79.27,79.3,79.25,79.26,79.26,79.23,79.16,79.2,79.23
PS,2001,79.24,79.12,79.22,79.24,79.28,79.27,79.3,79.29,79.28,79.23,79.23,79.14,79.24
PS,2002,79.24,79.22,79.22,79.21,79.25,79.31,79.33,79.25,79.27,79.19,79.23,79.24,79.25
PS,2003,79.24,79.18,79.21,79.25,79.26,79.3,79.3,79.33,79.3,79.24,79.2,79.21,79.25
PS,2004,79.25,79.26,79.16,79.26,79.29,79.3,79.3,79.31,79.29,79.25,79.2,79.21,79.26
PS,2005,79.22,79.16,79.3,79.24,79.27,79.28,79.33,79.3,79.29,79.28,79.21,79.21,79.26
PS,2006,79.18,79.19,79.21,79.22,79.29,79.29,79.31,79.26,79.29,79.24,79.18,79.26,79.24
PS,2007,79.19,79.26,79.18,79.28,79.29,79.29,79.32,79.28,79.29,79.24,79.15,79.23,79.25
PS,2008,79.17,79.26,79.24,79.19,79.27,79.28,79.32,79.27,79.29,79.29,79.22,79.22,79.25
PS,2009,79.25,79.17,79.18,79.26,79.28,79.3,79.27,79.26,79.26,79.2,79.15,79.2,79.23
PS,2010,79.16,79.16,79.22,79.27,79.3,79.38,79.35,79.33,79.3,79.27,79.21,79.14,79.26
PS,2011,79.13,79.19,79.21,79.24,79.24,79.29,79.26,79.29,79.33,79.24,79.21,79.18,79.23
PS,2012,79.21,79.18,79.16,79.27,79.25,79.3,79.24,79.31,79.31,79.25,79.22,79.18,79.24
PS,2013,79.21,79.18,79.24,79.26,79.33,79.28,79.3,79.28,79.27,79.25,79.18,79.2,79.25
PS,2014,79.19,79.16,79.24,79.23,79.3,79.27,79.31,79.31,79.28,79.26,79.23,79.21,79.25
PS,2015,79.22,79.24,79.25,79.22,79.27,79.27,79.3,79.25,79.25,79.28,79.18,79.19,79.24
PS,2016,79.28,79.19,79.33,79.29,79.36,79.39,79.34,79.31,79.35,79.24,79.22,79.23,79.29
PS,2017,79.25,79.28,79.28,79.26,79.34,79.32,79.35,79.32,79.32,79.24,79.2,79.21,79.28
PS,2018,79.19,79.22,79.18,79.3,79.31,79.33,79.3,79.32,79.23,79.27,79.22,79.25,79.26
PS,2019,79.24,79.24,79.26,79.3,79.3,79.33,79.32,79.34,79.34,79.26,79.2,79.21,79.28
PS,2020,79.27,79.27,79.29,79.33,79.34,79.33,79.29,79.29,79.29,79.25,79.25,79.2,79.28
PS,2021,79.16,79.18,79.21,79.22,79.31,79.35,79.34,79.35,79.34,79.28,79.24,79.2,79.27
PS,2022,79.24,79.2,79.22,79.23,79.32,79.3,79.31,79.3,79.31,79.28,79.25,79.2,79.26
TS,1990,16.31,16.47,17.01,17.3,16.51,16.63,16.34,17.01,17.82,16.4,16.58,16.21,16.72
TS,1991,17.11,17.76,17.71,17.5,17.4,17.34,16.83,17.16,17.63,17.13,17.01,17.06,17.3
TS,1992,17.58,17.92,18.78,17.94,17.33,17.22,16.68,17.33,17.44,17.63,16.83,16.67,17.44
TS,1993,16.97,17.38,17.2,17.24,17.01,16.8,16.58,17.44,17.28,17.2,16.37,16.56,17.0
TS,1994,16.26,16.71,16.79,16.87,16.92,16.2,16.33,16.8,17.58,16.83,16.67,17.07,16.76
TS,1995,17.72,18.12,17.73,17.76,17.04,16.7,16.84,17.41,17.7,16.75,16.51,16.48,17.23
TS,1996,16.55,16.52,16.89,17.03,16.66,16.29,16.17,16.76,17.43,16.8,16.69,16.94,16.73
TS,1997,15.87,17.12,17.64,17.5,17.21,16.41,17.27,17.62,17.83,17.62,16.7,17.92,17.23
TS,1998,19.14,19.55,19.04,18.44,17.6,16.83,16.55,16.91,16.66,16.84,16.12,15.84,17.44
TS,1999,15.59,15.83,16.24,16.44,15.85,15.59,15.67,15.7,15.69,15.65,15.95,15.73,15.83
TS,2000,15.4,16.1,16.21,16.28,16.23,15.89,15.51,16.39,16.46,16.67,16.25,16.61,16.16
TS,2001,16.52,17.33,17.06,17.67,17.57,17.09,17.51,18.61,18.08,19.05,17.46,17.29,17.61
TS,2002,17.41,18.35,18.48,17.55,17.57,16.86,17.77,18.49,18.73,18.06,16.82,17.01,17.76
TS,2003,18.09,18.26,17.91,17.74,17.44,16.93,17.73,18.14,18.08,17.53,16.91,16.97,17.64
TS,2004,17.34,18.01,18.71,17.9,17.28,16.98,16.81,18.16,17.81,17.3,16.33,16.38,17.42
TS,2005,17.04,17.91,17.87,18.0,17.05,17.43,17.92,18.27,18.41,17.44,16.66,15.91,17.49
TS,2006,16.45,17.69,17.2,16.93,17.0,16.67,16.91,18.08,17.96,17.7,16.39,16.75,17.14
TS,2007,17.96,17.96,17.83,17.48,17.35,16.97,17.69,17.46,17.85,16.58,16.68,15.98,17.31
TS,2008,16.61,16.19,16.19,16.58,16.23,16.12,15.64,16.21,16.57,16.37,16.24,15.85,16.23
TS,2009,15.89,16.73,16.78,16.63,16.77,16.48,17.43,18.0,18.76,18.2,17.91,17.57,17.26
TS,2010,18.86,19.48,19.31,18.1,17.66,16.7,16.48,16.78,16.81,16.69,15.58,15.78,17.34
TS,2011,16.26,16.19,16.05,16.28,16.55,16.38,16.15,16.64,16.72,15.88,15.94,15.96,16.25
TS,2012,15.86,15.85,16.37,16.17,16.18,16.11,16.54,16.62,17.21,16.56,16.61,16.37,16.37
TS,2013,17.48,17.15,17.51,17.42,16.54,16.52,16.59,16.55,17.24,16.88,16.1,16.45,16.87
TS,2014,16.85,16.79,16.73,17.25,16.76,16.78,17.26,17.2,17.74,16.86,16.47,16.7,16.94
TS,2015,16.52,17.14,17.05,17.13,17.23,17.12,17.18,18.27,18.83,17.82,17.36,18.12,17.48
TS,2016,18.85,19.4,18.47,18.01,17.51,16.66,16.9,17.81,17.4,17.3,16.9,16.29,17.62
TS,2017,16.34,16.91,16.6,17.08,16.85,16.54,16.42,17.01,17.05,16.62,16.5,16.5,16.7
TS,2018,16.09,17.12,17.12,16.4,16.58,16.23,16.55,16.65,17.03,16.94,16.72,16.59,16.66
TS,2019,17.37,17.81,17.54,17.4,16.94,16.76,16.66,17.51,17.53,16.47,16.66,16.91,17.12
TS,2020,17.17,17.9,17.87,17.72,17.81,16.94,16.65,17.23,17.53,17.44,16.95,16.58,17.31
TS,2021,16.68,17.44,16.65,16.67,16.96,16.11,16.3,16.53,16.76,17.16,16.63,16.91,16.73
TS,2022,17.06,17.07,16.82,16.62,16.75,16.0,16.44,16.35,16.91,16.6,16.48,15.9,16.58
T2M,1990,15.65,15.65,16.25,16.51,15.94,15.97,15.48,15.9,16.42,15.51,15.76,15.45,15.87
T2M,1991,15.99,16.67,16.54,16.44,16.43,16.46,15.92,15.98,16.38,15.94,15.94,16.11,16.23
T2M,1992,16.48,16.8,17.61,17.05,16.63,16.41,15.65,16.12,16.15,16.31,15.75,15.66,16.38
T2M,1993,15.92,16.26,16.26,16.5,16.32,16.1,15.76,16.24,16.04,16.12,15.48,15.83,16.07
T2M,1994,15.58,15.9,16.0,16.21,16.29,15.56,15.55,15.75,16.37,15.74,15.8,16.21,15.91
T2M,1995,16.54,16.75,16.51,16.81,16.13,15.91,15.87,16.29,16.41,15.7,15.6,15.52,16.16
T2M,1996,15.52,15.75,16.07,16.2,15.97,15.63,15.37,15.68,16.27,15.76,15.55,15.93,15.81
T2M,1997,14.83,16.24,16.58,16.63,16.58,15.83,16.47,16.69,16.82,16.65,16.01,17.11,16.37
T2M,1998,18.1,18.34,18.05,17.77,17.04,16.2,15.81,16.09,15.9,15.95,15.39,15.18,16.64
T2M,1999,15.05,15.24,15.66,15.9,15.4,15.14,15.08,15.02,14.97,15.01,15.08,15.0,15.21
T2M,2000,14.71,15.42,15.5,15.69,15.73,15.38,14.94,15.68,15.58,15.87,15.35,15.81,15.48
T2M,2001,15.63,16.21,16.2,16.77,16.62,16.18,16.3,17.12,16.54,17.26,16.24,16.4,16.46
T2M,2002,16.36,17.05,17.25,16.55,16.72,16.01,16.61,17.05,17.16,16.73,16.02,16.29,16.65
T2M,2003,17.05,17.19,16.87,16.82,16.64,16.04,16.52,16.76,16.72,16.46,16.11,16.12,16.61
T2M,2004,16.38,16.8,17.56,16.83,16.56,16.12,15.76,16.74,16.4,16.23,15.72,15.79,16.4
T2M,2005,16.19,17.0,16.95,17.23,16.43,16.58,16.87,16.98,17.09,16.22,15.72,15.27,16.54
T2M,2006,15.73,16.69,16.35,16.18,16.3,15.99,16.04,16.88,16.74,16.56,15.76,16.06,16.27
T2M,2007,17.05,16.76,16.78,16.58,16.59,16.08,16.55,16.3,16.58,15.63,15.83,15.17,16.32
T2M,2008,15.71,15.38,15.4,15.87,15.69,15.61,15.08,15.51,15.73,15.65,15.5,15.23,15.53
T2M,2009,15.4,15.99,16.03,16.07,16.15,15.95,16.55,16.94,17.43,16.91,16.8,16.63,16.4
T2M,2010,17.59,18.16,18.08,17.24,16.93,16.05,15.8,15.9,15.89,15.83,14.94,15.18,16.46
T2M,2011,15.55,15.55,15.26,15.66,16.06,15.94,15.58,15.93,15.88,15.12,15.3,15.42,15.6
T2M,2012,15.33,15.28,15.88,15.65,15.79,15.67,15.95,15.91,16.3,15.76,15.98,15.72,15.77
T2M,2013,16.62,16.28,16.8,16.73,16.03,15.94,15.9,15.82,16.31,16.13,15.45,15.84,16.15
T2M,2014,16.18,16.09,16.07,16.69,16.27,16.3,16.62,16.26,16.69,16.06,15.83,16.1,16.26
T2M,2015,15.87,16.36,16.32,16.59,16.71,16.53,16.48,17.27,17.63,16.89,16.55,17.23,16.7
T2M,2016,17.69,18.19,17.62,17.25,16.96,15.98,16.15,16.77,16.44,16.42,16.08,15.78,16.77
T2M,2017,15.69,15.98,15.91,16.53,16.36,16.11,15.85,16.3,16.34,16.08,15.87,16.01,16.08
T2M,2018,15.62,16.28,16.49,15.83,16.1,15.75,15.97,15.94,16.2,16.07,16.21,15.94,16.03
T2M,2019,16.6,16.99,16.92,16.8,16.5,16.35,16.04,16.69,16.69,15.9,16.17,16.43,16.51
T2M,2020,16.55,17.2,17.03,16.96,17.18,16.29,15.98,16.39,16.63,16.59,16.22,16.14,16.59
T2M,2021,16.23,16.75,16.02,16.2,16.41,15.68,15.78,15.9,16.0,16.48,15.98,16.32,16.14
T2M,2022,16.21,16.22,16.17,16.09,16.23,15.51,15.85,15.67,16.14,15.92,15.85,15.44,15.94
QV2M,1990,11.9,12.21,12.08,12.51,12.02,11.35,10.86,10.5,11.17,12.08,11.96,11.84,11.72
QV2M,1991,11.72,12.02,12.21,11.9,11.96,11.72,10.99,10.38,11.23,10.93,11.84,12.21,11.6
QV2M,1992,12.02,12.15,12.21,12.27,12.21,11.35,10.5,10.68,11.05,11.35,11.84,11.96,11.66
QV2M,1993,11.72,11.9,11.9,12.33,12.39,11.29,10.86,10.74,11.05,11.6,12.15,12.15,11.66
QV2M,1994,12.08,12.08,12.21,12.39,12.27,11.23,10.74,10.74,10.93,11.78,11.96,12.08,11.72
QV2M,1995,11.54,10.86,11.72,12.45,11.72,11.6,11.23,11.29,11.17,11.78,12.02,11.78,11.6
QV2M,1996,11.78,11.84,12.33,12.21,12.15,11.6,10.99,10.86,11.35,11.84,11.6,11.78,11.72
QV2M,1997,11.6,11.9,12.21,12.21,11.96,11.66,10.93,10.62,11.35,11.96,12.45,12.51,11.78
QV2M,1998,12.51,12.88,13.24,13.49,12.88,11.78,11.41,11.6,11.72,11.9,12.33,12.02,12.33
QV2M,1999,12.15,12.21,12.21,12.39,11.96,11.78,11.05,10.99,11.41,11.66,11.9,12.02,11.78
QV2M,2000,11.6,11.9,12.02,12.08,12.15,11.6,10.99,10.99,11.54,11.6,11.6,11.66,11.66
QV2M,2001,11.05,11.05,11.72,11.78,11.84,11.11,10.68,10.31,10.86,11.29,11.47,12.39,11.29
QV2M,2002,11.72,11.84,11.96,12.27,11.84,11.11,10.93,10.62,10.86,11.29,11.72,12.15,11.54
QV2M,2003,11.9,12.27,12.21,12.45,12.02,11.29,10.86,10.74,11.47,12.21,12.21,12.08,11.78
QV2M,2004,12.08,11.47,12.21,12.15,12.21,11.05,10.74,10.5,10.74,11.96,12.27,12.33,11.66
QV2M,2005,12.21,12.45,12.39,12.7,12.33,11.66,11.05,10.99,11.41,11.9,12.08,12.02,11.96
QV2M,2006,11.96,12.27,12.15,12.33,12.02,11.6,10.68,11.05,11.11,11.96,12.39,12.15,11.78
QV2M,2007,12.21,10.74,12.02,12.33,12.39,10.93,10.86,11.11,10.99,11.78,11.9,11.78,11.6
QV2M,2008,11.72,11.66,11.66,12.02,12.21,11.78,11.11,11.35,11.17,11.78,12.27,12.08,11.72
QV2M,2009,12.15,12.15,12.39,12.15,11.96,11.66,11.05,11.47,11.05,11.72,12.15,12.15,11.84
QV2M,2010,11.35,12.39,12.21,12.88,12.76,11.78,11.84,11.23,11.47,11.9,12.02,11.96,11.96
QV2M,2011,11.9,12.21,11.78,12.45,12.57,12.08,11.41,11.41,11.29,11.84,12.21,12.27,11.96
QV2M,2012,12.21,12.02,12.15,12.27,12.08,11.54,11.35,11.17,11.05,11.84,12.45,12.21,11.84
QV2M,2013,12.33,12.33,12.57,12.7,12.57,11.54,11.17,11.35,11.41,11.9,12.33,12.33,12.02
QV2M,2014,12.39,12.57,12.39,12.51,12.57,11.72,11.23,10.93,11.66,12.02,12.45,12.39,12.08
QV2M,2015,11.6,12.15,12.45,12.51,12.39,11.47,11.17,11.41,11.35,12.02,12.45,11.47,11.9
QV2M,2016,12.63,12.76,13.06,13.06,12.82,11.41,11.35,10.99,11.35,12.51,12.51,12.57,12.27
QV2M,2017,12.08,11.72,12.33,12.63,12.76,12.45,11.47,11.9,11.96,12.39,12.7,12.63,12.27
QV2M,2018,12.21,12.7,12.63,12.27,12.7,11.72,11.66,11.05,11.54,12.15,12.94,11.66,12.08
QV2M,2019,12.15,12.82,12.76,13.06,12.82,12.21,11.47,11.23,11.6,12.21,12.88,12.88,12.33
QV2M,2020,12.39,12.45,13.0,12.76,12.76,11.9,11.72,11.72,11.84,12.08,12.63,12.76,12.33
QV2M,2021,12.27,13.0,12.33,12.57,12.57,12.02,11.6,11.78,11.41,12.63,12.57,12.82,12.27
QV2M,2022,12.27,12.45,12.51,12.57,12.45,12.08,11.84,11.35,11.72,12.39,12.63,12.21,12.21
RH2M,1990,86.06,87.81,84.31,85.62,85.25,81.12,80.31,76.31,78.44,87.81,86.06,86.38,83.75
RH2M,1991,83.44,82.25,83.88,82.5,82.81,81.31,79.25,75.25,78.75,79.0,84.44,85.62,81.5
RH2M,1992,82.81,82.12,79.06,81.75,83.25,79.19,77.25,76.56,78.88,79.69,85.31,86.44,81.0
RH2M,1993,83.88,83.56,83.06,84.62,85.88,79.88,79.19,76.62,79.31,82.38,88.25,86.62,82.75
RH2M,1994,87.44,85.88,86.06,86.19,85.12,82.25,79.38,78.5,77.31,84.94,85.94,84.69,83.62
RH2M,1995,79.81,75.56,81.38,83.88,82.69,82.88,81.0,79.75,78.56,85.25,87.12,86.19,82.06
RH2M,1996,85.81,85.31,86.62,85.38,86.12,84.38,81.56,79.75,80.19,85.44,84.69,84.25,84.12
RH2M,1997,88.0,83.38,83.56,83.38,81.88,83.81,76.06,73.56,77.56,82.0,87.31,82.88,81.94
RH2M,1998,78.38,79.56,82.62,85.0,85.06,82.44,82.19,82.12,83.62,84.88,90.0,89.0,83.75
RH2M,1999,90.38,89.81,87.38,87.56,87.44,87.62,83.38,83.25,86.31,87.56,88.62,89.88,87.44
RH2M,2000,88.62,87.06,87.31,86.88,86.94,85.25,83.38,80.31,84.12,83.12,85.69,83.88,85.19
RH2M,2001,81.06,78.12,82.38,80.31,81.12,78.75,75.88,70.56,76.12,76.0,81.19,85.31,78.88
RH2M,2002,81.88,79.62,79.12,83.88,80.81,79.75,75.94,72.5,74.19,78.06,83.25,84.69,79.44
RH2M,2003,79.81,81.19,82.44,83.75,82.0,80.44,76.06,74.31,78.88,84.19,85.62,84.94,81.12
RH2M,2004,83.88,78.56,79.25,82.25,83.5,78.5,78.38,72.88,76.06,84.0,87.69,87.94,81.06
RH2M,2005,85.44,83.0,82.88,83.25,84.94,80.44,75.75,75.06,77.0,83.62,87.06,88.69,82.25
RH2M,2006,85.69,83.25,83.94,86.12,83.69,82.75,76.69,75.62,76.88,82.56,88.19,85.75,82.56
RH2M,2007,81.5,74.44,81.5,84.44,84.31,78.19,75.75,78.56,76.44,85.5,85.06,87.5,81.19
RH2M,2008,84.75,85.62,85.69,85.31,87.44,85.38,83.56,83.25,81.25,85.31,88.88,89.06,85.44
RH2M,2009,88.56,85.88,87.0,85.31,83.81,83.0,76.81,77.69,73.88,79.56,82.19,82.94,82.19
RH2M,2010,74.75,77.88,77.12,84.56,85.06,83.44,85.0,80.75,82.5,85.38,90.19,88.56,82.94
RH2M,2011,86.44,88.38,87.0,89.06,87.75,85.69,83.19,81.75,81.25,88.0,89.31,89.38,86.44
RH2M,2012,89.44,88.19,86.06,87.94,86.25,83.31,81.25,80.5,78.12,85.31,87.56,87.31,85.12
RH2M,2013,83.94,85.44,84.38,85.81,88.44,82.38,80.44,82.0,80.25,83.81,89.62,87.62,84.5
RH2M,2014,86.56,87.69,86.75,84.62,87.0,81.62,77.62,77.38,80.25,85.0,88.31,86.94,84.12
RH2M,2015,83.12,84.31,86.25,85.25,83.69,79.06,77.81,76.06,74.38,81.06,85.06,76.69,81.0
RH2M,2016,81.31,79.31,83.69,85.44,85.38,81.31,80.25,75.56,79.38,86.12,87.75,89.31,82.94
RH2M,2017,86.94,83.31,87.44,86.12,87.75,86.88,82.38,82.94,83.19,86.75,89.75,88.69,86.06
RH2M,2018,87.94,87.62,86.38,87.19,88.5,84.31,83.06,79.38,81.31,85.75,89.31,83.0,85.31
RH2M,2019,82.94,85.0,85.12,87.44,87.44,84.5,81.31,77.38,79.75,86.75,89.38,88.0,84.56
RH2M,2020,84.62,82.06,85.81,84.88,83.75,83.0,83.19,81.62,81.31,82.62,87.62,88.75,84.12
RH2M,2021,85.31,87.12,86.62,87.12,86.25,86.5,83.38,83.81,81.62,86.38,88.5,88.44,85.94
RH2M,2022,85.56,86.81,87.25,87.88,86.38,87.75,84.56,82.31,82.75,87.69,89.56,88.62,86.44
WS2M,1990,1.28,1.16,1.7,1.14,1.57,2.34,1.9,2.02,1.29,0.96,1.01,1.34,1.48
WS2M,1991,1.28,1.26,1.06,1.24,1.27,1.52,1.95,2.4,1.59,1.45,1.1,1.15,1.44
WS2M,1992,1.15,1.23,1.55,1.43,1.28,2.24,2.38,1.95,1.36,1.18,1.11,1.09,1.5
WS2M,1993,1.27,1.05,1.3,1.07,1.05,2.33,2.2,2.11,1.14,1.2,1.18,1.02,1.41
WS2M,1994,1.09,0.97,0.95,1.03,1.32,1.98,2.59,2.06,2.05,1.2,0.98,1.23,1.46
WS2M,1995,1.48,1.12,1.27,1.02,1.22,1.43,1.36,1.17,1.35,1.11,1.03,1.06,1.22
WS2M,1996,1.28,1.19,0.99,1.11,1.08,1.55,1.84,1.65,1.42,0.98,1.34,1.16,1.3
WS2M,1997,1.71,1.55,1.6,1.12,1.96,1.38,3.22,2.95,1.41,1.31,1.09,1.35,1.73
WS2M,1998,1.54,1.24,1.2,1.3,1.48,2.03,1.8,1.44,1.11,1.18,1.18,1.11,1.39
WS2M,1999,1.24,1.16,1.23,1.48,1.27,1.03,1.91,1.58,1.08,1.01,1.37,1.29,1.3
WS2M,2000,1.55,0.95,1.05,1.15,1.25,1.53,1.93,2.24,0.99,1.33,1.69,1.38,1.42
WS2M,2001,1.15,1.92,1.12,1.59,1.35,2.29,2.09,3.05,1.26,1.29,1.23,0.96,1.61
WS2M,2002,1.4,1.26,1.3,1.15,2.09,2.23,2.43,2.77,1.55,1.32,1.3,1.19,1.67
WS2M,2003,1.5,1.41,1.49,1.42,1.64,1.54,2.06,2.09,1.33,1.0,0.97,1.37,1.48
WS2M,2004,1.41,1.06,1.7,1.27,1.5,2.75,1.87,2.73,1.44,1.12,1.27,1.14,1.61
WS2M,2005,1.34,1.29,0.88,1.54,1.34,1.61,2.26,1.9,1.63,1.05,1.46,1.09,1.45
WS2M,2006,1.4,1.05,1.02,1.2,1.24,1.69,2.34,2.12,1.6,1.45,0.94,1.09,1.44
WS2M,2007,1.3,1.59,1.11,0.97,1.2,2.1,1.88,1.52,1.62,1.18,1.19,1.4,1.42
WS2M,2008,1.31,1.31,1.19,1.23,1.13,1.55,1.8,1.3,1.69,1.08,1.27,1.42,1.36
WS2M,2009,0.93,1.04,0.92,1.23,1.26,1.66,2.34,1.75,1.95,1.54,1.29,0.9,1.4
WS2M,2010,1.32,1.21,1.17,0.94,1.33,1.26,1.1,1.23,1.08,1.35,1.25,0.97,1.19
WS2M,2011,0.98,1.16,1.39,0.9,1.3,1.46,1.86,1.66,1.54,1.34,1.15,1.12,1.32
WS2M,2012,1.01,1.05,1.47,1.04,1.38,1.88,2.18,1.71,1.89,1.24,1.05,1.37,1.45
WS2M,2013,1.2,1.15,1.11,1.06,0.95,1.83,2.12,1.62,1.55,1.21,1.5,1.23,1.38
WS2M,2014,1.02,0.84,1.04,1.43,1.05,2.22,2.95,2.09,1.28,1.3,1.23,1.14,1.47
WS2M,2015,1.57,1.53,1.21,1.53,1.7,2.85,2.32,2.3,1.96,1.33,1.2,2.08,1.8
WS2M,2016,1.1,1.32,1.12,1.16,1.52,1.89,2.01,2.16,1.52,0.99,1.25,0.94,1.41
WS2M,2017,1.2,1.41,0.91,1.22,1.02,1.23,2.02,1.31,1.13,1.17,1.15,1.14,1.24
WS2M,2018,1.02,1.07,1.14,1.36,0.99,2.03,2.02,2.55,1.48,1.11,1.0,1.55,1.45
WS2M,2019,1.63,0.88,0.91,1.02,1.05,1.98,2.04,2.22,1.41,0.9,1.27,1.05,1.37
WS2M,2020,1.81,1.34,0.96,1.16,1.75,1.83,1.62,1.7,1.19,1.3,1.11,0.89,1.39
WS2M,2021,0.98,1.12,1.03,1.23,1.61,1.48,2.44,1.61,1.43,0.95,0.95,1.01,1.32
WS2M,2022,1.18,0.9,1.03,1.23,1.41,1.05,1.72,1.65,1.2,1.39,1.04,1.02,1.24
T2M_MAX,1990,23.05,22.93,23.26,23.93,22.65,23.25,23.01,25.07,25.05,22.09,22.63,22.67,25.07
T2M_MAX,1991,23.69,24.37,25.87,24.08,24.4,23.73,23.44,24.46,24.98,24.26,24.05,24.23,25.87
T2M_MAX,1992,23.9,24.61,26.55,25.42,23.93,23.62,23.22,24.4,24.51,24.06,24.13,22.8,26.55
T2M_MAX,1993,24.07,24.69,23.65,23.8,23.77,23.25,23.7,23.98,23.9,24.98,23.21,22.98,24.98
T2M_MAX,1994,23.31,22.93,23.58,22.8,22.94,22.05,22.79,23.64,24.69,23.44,23.82,24.43,24.69
T2M_MAX,1995,24.13,26.21,24.97,23.26,23.59,23.87,23.64,24.75,24.37,24.61,23.01,22.71,26.21
T2M_MAX,1996,23.37,23.87,22.82,23.72,23.34,22.48,22.77,23.44,24.22,22.63,23.47,23.98,24.22
T2M_MAX,1997,21.57,24.35,24.64,23.71,23.23,23.47,23.5,25.13,25.86,24.69,24.41,24.61,25.86
T2M_MAX,1998,27.0,26.9,26.2,24.88,24.36,22.76,22.96,23.03,22.7,23.94,21.39,20.85,27.0
T2M_MAX,1999,21.55,22.4,21.98,22.05,21.15,20.92,22.0,22.37,22.15,21.24,21.99,21.87,22.4
T2M_MAX,2000,21.63,22.37,22.16,22.17,21.56,21.69,21.87,23.48,22.69,23.51,22.63,23.12,23.51
T2M_MAX,2001,24.22,24.23,24.74,24.42,24.8,24.17,24.62,26.08,26.28,27.05,26.08,23.18,27.05
T2M_MAX,2002,24.6,25.97,26.42,24.22,24.63,23.8,24.58,25.15,26.44,26.38,24.0,23.65,26.44
T2M_MAX,2003,25.21,25.69,25.22,24.87,24.28,23.6,24.77,25.05,25.31,26.21,23.49,24.19,26.21
T2M_MAX,2004,24.61,24.98,25.5,26.15,25.08,23.19,23.09,25.29,26.32,25.55,22.48,22.28,26.32
T2M_MAX,2005,23.34,24.87,24.72,24.57,23.12,24.2,24.81,25.7,25.42,25.51,23.58,22.8,25.7
T2M_MAX,2006,23.84,24.79,23.83,23.8,23.89,23.6,23.77,25.4,25.88,25.73,22.23,23.58,25.88
T2M_MAX,2007,24.94,26.13,25.65,24.12,24.06,23.82,25.01,24.18,25.59,25.16,23.59,22.6,26.13
T2M_MAX,2008,22.98,22.64,23.03,22.74,23.3,22.5,21.54,22.62,23.06,22.58,21.83,22.63,23.3
T2M_MAX,2009,21.4,22.0,22.58,22.82,23.94,23.94,25.16,24.62,26.29,26.1,25.22,25.58,26.29
T2M_MAX,2010,26.48,27.82,26.92,25.48,24.17,22.76,22.85,23.73,23.62,23.94,21.9,21.89,27.82
T2M_MAX,2011,22.58,23.17,22.73,21.24,22.61,22.3,22.55,23.98,23.7,22.85,22.94,21.87,23.98
T2M_MAX,2012,22.42,21.41,22.23,22.62,22.28,22.53,23.19,23.48,24.48,23.95,22.86,22.67,24.48
T2M_MAX,2013,23.8,23.28,23.74,23.84,22.46,23.02,23.08,22.76,25.26,24.63,21.54,22.79,25.26
T2M_MAX,2014,23.15,22.55,24.23,24.25,22.96,22.86,24.04,24.44,24.65,24.02,22.87,22.85,24.65
T2M_MAX,2015,23.13,24.03,23.55,23.51,23.75,22.97,23.69,25.04,25.98,25.33,23.64,25.96,25.98
T2M_MAX,2016,26.25,26.22,26.39,24.65,23.4,22.74,23.22,24.88,25.08,23.9,22.92,22.03,26.39
T2M_MAX,2017,22.89,24.08,22.74,23.14,22.7,22.89,22.65,23.72,23.98,23.78,21.76,23.68,24.08
T2M_MAX,2018,23.0,23.12,23.7,22.1,21.85,22.15,22.51,23.0,23.78,23.33,22.39,23.16,23.78
T2M_MAX,2019,24.48,23.86,24.37,23.37,23.39,22.87,22.95,24.18,24.51,22.87,23.3,23.23,24.51
T2M_MAX,2020,24.09,24.71,24.67,24.15,24.16,23.36,23.15,24.17,25.13,24.77,24.08,22.84,25.13
T2M_MAX,2021,23.53,23.19,22.69,23.02,23.24,22.55,22.87,22.79,23.53,24.35,22.32,23.68,24.35
T2M_MAX,2022,23.73,23.0,23.31,22.44,23.25,21.06,22.15,22.9,23.44,22.25,22.32,22.2,23.73
T2M_MIN,1990,10.69,9.67,10.78,11.22,10.51,9.55,8.57,8.9,9.87,12.04,9.98,10.34,8.57
T2M_MIN,1991,10.94,11.72,10.07,11.11,10.87,10.55,9.94,8.78,9.45,9.44,10.54,10.73,8.78
T2M_MIN,1992,9.71,11.11,9.55,10.37,10.76,10.92,9.72,9.26,9.43,9.55,11.19,11.42,9.26
T2M_MIN,1993,9.88,11.23,10.19,10.61,11.3,10.32,9.19,9.61,10.26,10.67,10.95,10.01,9.19
T2M_MIN,1994,8.58,10.31,11.33,11.19,11.6,9.88,8.87,9.41,10.06,10.66,10.53,9.78,8.58
T2M_MIN,1995,8.88,8.3,9.68,11.82,10.23,10.13,9.68,9.87,10.47,10.26,11.01,10.26,8.3
T2M_MIN,1996,10.62,10.63,11.62,10.98,10.65,10.4,9.26,8.26,9.91,10.4,9.56,10.84,8.26
T2M_MIN,1997,10.4,11.35,11.02,11.08,10.76,10.01,11.05,10.32,10.76,10.9,10.4,10.18,10.01
T2M_MIN,1998,11.55,13.02,12.78,12.4,11.84,10.67,9.6,8.94,9.53,10.56,11.3,10.14,8.94
T2M_MIN,1999,10.72,11.12,10.56,11.01,9.48,8.93,8.18,8.3,9.37,9.33,10.15,10.17,8.18
T2M_MIN,2000,9.19,10.31,10.4,10.79,9.64,9.62,7.5,8.53,8.76,7.93,9.04,9.29,7.5
T2M_MIN,2001,9.11,10.05,10.26,11.07,10.08,10.06,9.48,9.88,9.02,10.54,10.81,10.77,9.02
T2M_MIN,2002,9.6,9.97,10.41,10.99,10.6,10.01,10.29,10.73,10.05,10.08,10.32,9.38,9.38
T2M_MIN,2003,9.82,12.5,10.12,11.41,11.23,9.07,10.23,10.19,10.94,12.05,11.26,9.69,9.07
T2M_MIN,2004,10.01,9.39,11.95,11.19,10.69,9.52,8.91,9.74,9.65,11.33,9.69,11.07,8.91
T2M_MIN,2005,9.8,11.55,11.94,12.09,11.21,10.21,9.2,9.73,10.07,11.6,10.96,11.07,9.2
T2M_MIN,2006,9.58,8.76,10.45,9.98,8.71,9.44,8.43,10.3,10.12,10.33,10.98,11.18,8.43
T2M_MIN,2007,11.84,8.95,11.01,11.19,11.36,9.92,9.3,9.9,8.65,10.48,9.52,10.52,8.65
T2M_MIN,2008,10.59,7.8,9.94,9.34,10.0,9.75,8.67,9.27,9.4,8.97,9.87,10.5,7.8
T2M_MIN,2009,11.1,11.54,11.49,9.98,9.4,9.94,10.17,11.09,9.79,10.56,10.05,10.06,9.4
T2M_MIN,2010,8.23,11.69,12.09,11.62,12.13,10.14,9.52,9.49,9.81,11.0,10.55,10.02,8.23
T2M_MIN,2011,8.68,11.25,9.45,10.71,9.55,10.15,8.86,9.48,8.87,9.73,10.21,11.21,8.68
T2M_MIN,2012,9.69,11.09,10.33,11.18,10.52,9.51,10.39,8.64,9.23,10.54,11.29,10.26,8.64
T2M_MIN,2013,9.93,10.75,11.85,11.54,11.98,10.0,9.59,9.46,9.9,10.43,11.31,9.94,9.46
T2M_MIN,2014,9.61,10.43,10.15,11.3,11.13,10.44,10.57,10.06,10.41,10.71,11.06,9.21,9.21
T2M_MIN,2015,9.24,10.83,11.49,11.5,10.98,10.95,9.44,10.67,10.87,10.77,10.72,10.08,9.24
T2M_MIN,2016,11.19,11.41,12.4,12.05,12.34,10.37,10.51,10.27,10.05,11.65,10.05,8.99,8.99
T2M_MIN,2017,10.41,10.01,11.32,10.57,10.8,10.9,9.19,10.05,11.18,10.4,10.64,9.69,9.19
T2M_MIN,2018,9.51,9.23,11.12,11.01,11.09,9.94,9.5,9.27,9.65,9.12,11.09,8.95,8.95
T2M_MIN,2019,10.63,11.99,11.94,11.88,10.78,10.99,9.59,9.4,10.73,9.95,11.67,11.78,9.4
T2M_MIN,2020,9.2,9.6,9.36,12.08,12.47,10.65,9.92,10.66,9.94,10.68,11.53,11.17,9.2
T2M_MIN,2021,10.19,12.09,10.71,9.87,10.69,9.41,9.55,9.96,9.48,11.28,11.83,11.46,9.41
T2M_MIN,2022,10.55,11.58,9.4,8.71,10.76,9.25,10.24,8.73,9.87,10.15,11.71,9.12,8.71
WS2M_MAX,1990,5.45,5.66,7.44,5.08,5.43,6.76,6.34,7.48,5.54,3.55,3.79,4.96,7.48
WS2M_MAX,1991,6.24,5.58,4.32,4.5,4.22,5.62,5.82,7.28,8.7,5.84,4.08,5.0,8.7
WS2M_MAX,1992,4.45,4.12,5.32,5.64,5.15,7.03,7.48,7.27,5.4,7.3,3.96,3.95,7.48
WS2M_MAX,1993,4.16,3.85,5.73,3.78,5.05,7.32,6.17,8.49,5.05,4.86,4.15,4.07,8.49
WS2M_MAX,1994,4.08,4.37,3.85,4.62,4.35,7.14,7.69,6.27,6.75,4.05,3.71,4.84,7.69
WS2M_MAX,1995,5.54,4.81,4.83,4.04,4.58,5.08,5.35,5.82,6.78,5.16,4.48,3.55,6.78
WS2M_MAX,1996,4.84,5.16,4.2,4.66,5.39,5.25,7.85,5.84,5.55,4.13,3.98,4.58,7.85
WS2M_MAX,1997,4.64,5.43,5.5,4.91,5.58,5.93,8.48,7.98,5.62,4.59,4.29,5.55,8.48
WS2M_MAX,1998,6.28,5.82,4.59,5.11,5.62,6.7,5.68,5.66,4.87,5.3,4.9,4.95,6.7
WS2M_MAX,1999,5.03,4.45,5.19,6.73,4.38,4.1,5.4,6.85,4.55,4.47,4.55,4.57,6.85
WS2M_MAX,2000,4.94,3.9,4.25,4.31,4.59,4.98,5.73,6.88,3.79,5.52,4.91,5.75,6.88
WS2M_MAX,2001,4.39,6.36,4.05,5.56,5.12,7.67,6.86,8.31,4.75,4.35,4.55,4.59,8.31
WS2M_MAX,2002,5.36,4.41,4.7,3.85,6.11,7.02,6.55,8.82,6.09,5.09,5.66,4.16,8.82
WS2M_MAX,2003,4.81,5.06,4.94,6.04,5.52,5.45,6.92,6.62,5.45,4.27,4.0,4.94,6.92
WS2M_MAX,2004,5.73,4.45,5.23,5.84,5.43,8.31,6.71,8.59,6.52,3.98,4.53,4.63,8.59
WS2M_MAX,2005,5.52,6.81,5.09,5.88,5.85,5.17,6.64,6.24,5.65,3.53,4.42,3.9,6.81
WS2M_MAX,2006,4.62,4.35,4.55,6.42,5.05,6.76,6.54,6.54,5.23,5.59,3.49,4.92,6.76
WS2M_MAX,2007,4.59,6.42,4.47,4.99,4.8,6.02,6.5,4.88,5.62,4.92,5.53,5.34,6.5
WS2M_MAX,2008,4.62,4.54,4.84,5.38,5.66,5.73,6.13,4.92,7.35,4.02,3.99,4.77,7.35
WS2M_MAX,2009,3.52,3.24,3.38,4.73,4.25,4.69,6.17,5.62,6.73,5.3,5.05,4.27,6.73
WS2M_MAX,2010,5.01,4.8,4.63,4.56,4.38,5.01,4.36,4.3,4.42,5.27,4.17,3.99,5.27
WS2M_MAX,2011,3.27,3.96,4.36,3.78,3.81,5.75,5.84,6.35,5.81,4.54,3.83,3.86,6.35
WS2M_MAX,2012,3.61,3.85,4.09,3.41,5.38,5.48,6.04,6.45,5.29,4.65,3.92,4.25,6.45
WS2M_MAX,2013,4.86,3.56,4.02,4.26,4.08,5.54,5.7,5.76,6.2,6.1,4.99,5.59,6.2
WS2M_MAX,2014,3.41,3.56,3.93,3.88,3.89,5.73,7.59,6.57,4.66,5.35,4.22,4.34,7.59
WS2M_MAX,2015,5.32,4.59,5.0,5.59,6.05,7.66,6.19,6.08,6.48,5.12,4.11,5.98,7.66
WS2M_MAX,2016,4.67,4.19,4.66,4.37,4.94,5.54,5.39,6.52,4.7,3.74,4.11,4.51,6.52
WS2M_MAX,2017,4.01,4.67,3.61,3.8,3.7,4.21,5.31,4.48,4.09,4.74,3.63,4.12,5.31
WS2M_MAX,2018,3.16,3.95,5.02,4.92,3.84,4.77,5.06,7.42,4.97,4.58,3.75,4.55,7.42
WS2M_MAX,2019,6.47,3.55,4.16,3.71,4.62,6.46,6.38,5.91,4.57,3.11,3.74,3.51,6.47
WS2M_MAX,2020,6.27,5.19,4.91,4.26,5.41,5.4,5.8,6.32,4.56,4.53,3.48,4.38,6.32
WS2M_MAX,2021,4.63,3.85,3.93,5.24,6.48,5.35,8.08,6.91,5.38,4.11,3.39,4.11,8.08
WS2M_MAX,2022,4.02,3.6,4.49,5.2,5.74,3.95,5.23,4.84,4.67,5.73,4.55,3.63,5.74
WS2M_MIN,1990,0.02,0.05,0.02,0.05,0.02,0.16,0.06,0.03,0.01,0.02,0.03,0.05,0.01
WS2M_MIN,1991,0.02,0.05,0.04,0.05,0.02,0.02,0.1,0.16,0.04,0.01,0.02,0.08,0.01
WS2M_MIN,1992,0.07,0.01,0.03,0.06,0.03,0.09,0.08,0.0,0.08,0.05,0.02,0.04,0.0
WS2M_MIN,1993,0.03,0.05,0.02,0.05,0.01,0.13,0.05,0.05,0.04,0.02,0.02,0.05,0.01
WS2M_MIN,1994,0.01,0.01,0.04,0.0,0.08,0.23,0.1,0.04,0.03,0.05,0.03,0.04,0.0
WS2M_MIN,1995,0.05,0.02,0.05,0.03,0.06,0.06,0.02,0.02,0.02,0.01,0.05,0.02,0.01
WS2M_MIN,1996,0.03,0.03,0.02,0.05,0.04,0.02,0.03,0.04,0.02,0.04,0.02,0.05,0.02
WS2M_MIN,1997,0.06,0.05,0.03,0.04,0.05,0.05,0.08,0.05,0.07,0.05,0.01,0.05,0.01
WS2M_MIN,1998,0.11,0.05,0.06,0.09,0.02,0.37,0.07,0.03,0.04,0.05,0.05,0.03,0.02
WS2M_MIN,1999,0.02,0.03,0.01,0.02,0.02,0.05,0.12,0.01,0.05,0.02,0.04,0.09,0.01
WS2M_MIN,2000,0.02,0.02,0.02,0.05,0.02,0.19,0.05,0.05,0.01,0.03,0.02,0.07,0.01
WS2M_MIN,2001,0.02,0.09,0.03,0.06,0.02,0.05,0.14,0.38,0.02,0.05,0.02,0.06,0.02
WS2M_MIN,2002,0.04,0.11,0.05,0.04,0.19,0.05,0.05,0.09,0.02,0.03,0.03,0.02,0.02
WS2M_MIN,2003,0.03,0.03,0.02,0.02,0.02,0.05,0.07,0.03,0.03,0.01,0.01,0.02,0.01
WS2M_MIN,2004,0.03,0.05,0.15,0.02,0.02,0.09,0.04,0.18,0.09,0.01,0.02,0.05,0.01
WS2M_MIN,2005,0.03,0.06,0.02,0.09,0.04,0.05,0.05,0.05,0.02,0.02,0.02,0.05,0.02
WS2M_MIN,2006,0.05,0.06,0.05,0.05,0.02,0.02,0.05,0.09,0.07,0.07,0.02,0.02,0.02
WS2M_MIN,2007,0.05,0.09,0.03,0.02,0.01,0.17,0.03,0.03,0.05,0.02,0.01,0.05,0.01
WS2M_MIN,2008,0.05,0.05,0.04,0.05,0.04,0.05,0.09,0.02,0.05,0.01,0.04,0.04,0.01
WS2M_MIN,2009,0.03,0.05,0.02,0.02,0.04,0.12,0.05,0.06,0.02,0.05,0.02,0.05,0.02
WS2M_MIN,2010,0.05,0.03,0.03,0.05,0.03,0.05,0.02,0.08,0.04,0.01,0.02,0.02,0.01
WS2M_MIN,2011,0.04,0.03,0.07,0.01,0.03,0.02,0.13,0.09,0.09,0.02,0.08,0.02,0.01
WS2M_MIN,2012,0.02,0.04,0.03,0.02,0.1,0.05,0.02,0.02,0.09,0.05,0.01,0.05,0.01
WS2M_MIN,2013,0.02,0.05,0.03,0.03,0.01,0.04,0.07,0.09,0.03,0.02,0.02,0.02,0.01
WS2M_MIN,2014,0.04,0.03,0.02,0.07,0.02,0.06,0.52,0.1,0.05,0.03,0.05,0.05,0.02
WS2M_MIN,2015,0.02,0.04,0.04,0.02,0.09,0.14,0.08,0.06,0.09,0.05,0.02,0.04,0.02
WS2M_MIN,2016,0.02,0.05,0.01,0.02,0.03,0.06,0.02,0.05,0.05,0.05,0.01,0.02,0.01
WS2M_MIN,2017,0.11,0.03,0.04,0.06,0.02,0.04,0.12,0.08,0.05,0.02,0.04,0.05,0.02
WS2M_MIN,2018,0.07,0.05,0.06,0.11,0.06,0.39,0.11,0.31,0.04,0.02,0.02,0.14,0.02
WS2M_MIN,2019,0.03,0.02,0.02,0.03,0.02,0.02,0.21,0.13,0.04,0.01,0.07,0.04,0.01
WS2M_MIN,2020,0.01,0.04,0.03,0.05,0.03,0.02,0.15,0.05,0.05,0.02,0.03,0.01,0.01
WS2M_MIN,2021,0.01,0.02,0.04,0.03,0.02,0.05,0.03,0.06,0.05,0.05,0.01,0.01,0.01
WS2M_MIN,2022,0.03,0.05,0.02,0.02,0.03,0.04,0.01,0.02,0.04,0.06,0.03,0.05,0.01
T2M_RANGE,1990,12.36,13.26,12.48,12.71,12.15,13.7,14.44,16.17,15.18,10.05,12.66,12.33,16.5
T2M_RANGE,1991,12.75,12.66,15.8,12.97,13.53,13.18,13.51,15.68,15.52,14.81,13.51,13.5,17.09
T2M_RANGE,1992,14.2,13.5,17.01,15.05,13.17,12.7,13.5,15.15,15.09,14.51,12.95,11.38,17.3
T2M_RANGE,1993,14.19,13.46,13.46,13.2,12.47,12.93,14.52,14.38,13.63,14.31,12.26,12.98,15.8
T2M_RANGE,1994,14.73,12.62,12.26,11.6,11.34,12.16,13.92,14.23,14.63,12.77,13.29,14.65,16.12
T2M_RANGE,1995,15.25,17.91,15.29,11.45,13.37,13.73,13.96,14.88,13.91,14.35,12.01,12.45,17.91
T2M_RANGE,1996,12.74,13.24,11.2,12.73,12.7,12.08,13.51,15.19,14.3,12.23,13.91,13.14,15.96
T2M_RANGE,1997,11.17,13.0,13.62,12.63,12.47,13.46,12.45,14.81,15.1,13.79,14.01,14.43,15.85
T2M_RANGE,1998,15.45,13.88,13.42,12.48,12.52,12.09,13.36,14.09,13.17,13.38,10.09,10.71,18.06
T2M_RANGE,1999,10.83,11.28,11.42,11.04,11.66,11.99,13.82,14.08,12.78,11.91,11.84,11.7,14.23
T2M_RANGE,2000,12.44,12.06,11.76,11.38,11.92,12.06,14.37,14.95,13.93,15.59,13.59,13.84,16.02
T2M_RANGE,2001,15.11,14.19,14.48,13.35,14.73,14.11,15.13,16.2,17.26,16.51,15.27,12.41,18.02
T2M_RANGE,2002,15.0,16.0,16.01,13.23,14.03,13.79,14.3,14.41,16.4,16.3,13.68,14.27,17.06
T2M_RANGE,2003,15.39,13.2,15.1,13.46,13.05,14.53,14.54,14.86,14.38,14.16,12.23,14.49,17.14
T2M_RANGE,2004,14.59,15.59,13.55,14.97,14.38,13.67,14.18,15.55,16.67,14.21,12.79,11.21,17.41
T2M_RANGE,2005,13.55,13.32,12.77,12.48,11.91,13.99,15.61,15.98,15.35,13.91,12.62,11.73,16.5
T2M_RANGE,2006,14.26,16.02,13.38,13.83,15.18,14.16,15.34,15.1,15.76,15.41,11.25,12.41,17.45
T2M_RANGE,2007,13.09,17.18,14.65,12.93,12.7,13.9,15.7,14.27,16.94,14.69,14.07,12.08,17.48
T2M_RANGE,2008,12.38,14.84,13.09,13.4,13.3,12.75,12.87,13.35,13.66,13.61,11.97,12.13,15.51
T2M_RANGE,2009,10.3,10.46,11.09,12.84,14.54,13.99,14.99,13.52,16.5,15.54,15.16,15.52,16.89
T2M_RANGE,2010,18.25,16.13,14.83,13.87,12.04,12.62,13.33,14.24,13.8,12.95,11.34,11.87,19.59
T2M_RANGE,2011,13.9,11.92,13.28,10.53,13.05,12.14,13.7,14.5,14.83,13.12,12.73,10.66,15.3
T2M_RANGE,2012,12.73,10.32,11.91,11.45,11.76,13.02,12.8,14.84,15.25,13.41,11.57,12.41,15.84
T2M_RANGE,2013,13.87,12.53,11.89,12.3,10.48,13.02,13.49,13.3,15.36,14.2,10.23,12.85,15.8
T2M_RANGE,2014,13.54,12.12,14.08,12.95,11.83,12.42,13.47,14.38,14.24,13.31,11.8,13.64,15.45
T2M_RANGE,2015,13.89,13.2,12.06,12.01,12.77,12.02,14.26,14.37,15.11,14.56,12.92,15.88,16.73
T2M_RANGE,2016,15.06,14.8,13.99,12.6,11.06,12.37,12.71,14.61,15.03,12.24,12.87,13.04,17.4
T2M_RANGE,2017,12.48,14.08,11.42,12.57,11.9,11.98,13.46,13.67,12.8,13.38,11.12,13.99,14.89
T2M_RANGE,2018,13.49,13.89,12.59,11.09,10.76,12.21,13.02,13.73,14.13,14.21,11.3,14.21,14.83
T2M_RANGE,2019,13.85,11.87,12.44,11.49,12.61,11.88,13.36,14.78,13.79,12.91,11.63,11.45,15.12
T2M_RANGE,2020,14.89,15.11,15.31,12.07,11.7,12.71,13.23,13.51,15.19,14.09,12.55,11.67,15.93
T2M_RANGE,2021,13.34,11.1,11.98,13.15,12.55,13.14,13.31,12.83,14.05,13.07,10.48,12.22,14.94
T2M_RANGE,2022,13.18,11.42,13.91,13.73,12.49,11.81,11.91,14.18,13.56,12.09,10.61,13.09,15.02
WS2M_RANGE,1990,5.44,5.61,7.42,5.03,5.41,6.6,6.28,7.45,5.53,3.52,3.76,4.91,7.48
WS2M_RANGE,1991,6.23,5.52,4.28,4.45,4.2,5.6,5.72,7.12,8.66,5.83,4.05,4.92,8.7
WS2M_RANGE,1992,4.38,4.11,5.29,5.58,5.12,6.94,7.4,7.27,5.32,7.24,3.95,3.91,7.48
WS2M_RANGE,1993,4.12,3.8,5.72,3.73,5.04,7.19,6.12,8.44,5.01,4.84,4.12,4.02,8.48
WS2M_RANGE,1994,4.07,4.36,3.81,4.62,4.27,6.91,7.59,6.23,6.72,4.0,3.68,4.8,7.69
WS2M_RANGE,1995,5.48,4.8,4.77,4.01,4.52,5.02,5.33,5.8,6.76,5.16,4.43,3.53,6.77
WS2M_RANGE,1996,4.81,5.13,4.18,4.61,5.35,5.23,7.82,5.8,5.53,4.09,3.95,4.52,7.84
WS2M_RANGE,1997,4.58,5.38,5.47,4.88,5.52,5.88,8.41,7.94,5.55,4.55,4.28,5.49,8.48
WS2M_RANGE,1998,6.17,5.77,4.53,5.02,5.59,6.33,5.61,5.63,4.83,5.25,4.85,4.91,6.67
WS2M_RANGE,1999,5.02,4.41,5.18,6.71,4.37,4.05,5.28,6.84,4.49,4.45,4.52,4.48,6.84
WS2M_RANGE,2000,4.91,3.88,4.23,4.26,4.57,4.8,5.68,6.83,3.78,5.48,4.89,5.68,6.88
WS2M_RANGE,2001,4.38,6.27,4.02,5.5,5.11,7.62,6.72,7.93,4.73,4.3,4.52,4.52,8.3
WS2M_RANGE,2002,5.32,4.3,4.65,3.81,5.92,6.97,6.49,8.73,6.08,5.05,5.62,4.14,8.8
WS2M_RANGE,2003,4.78,5.03,4.91,6.02,5.51,5.41,6.85,6.59,5.41,4.27,3.99,4.92,6.91
WS2M_RANGE,2004,5.7,4.41,5.08,5.82,5.41,8.22,6.67,8.41,6.42,3.98,4.52,4.58,8.59
WS2M_RANGE,2005,5.48,6.75,5.06,5.79,5.81,5.12,6.59,6.2,5.63,3.51,4.41,3.85,6.8
WS2M_RANGE,2006,4.56,4.29,4.5,6.38,5.03,6.74,6.48,6.45,5.16,5.52,3.48,4.91,6.74
WS2M_RANGE,2007,4.54,6.34,4.44,4.97,4.79,5.84,6.47,4.85,5.57,4.91,5.52,5.29,6.49
WS2M_RANGE,2008,4.58,4.48,4.8,5.34,5.62,5.67,6.05,4.9,7.3,4.01,3.95,4.73,7.34
WS2M_RANGE,2009,3.49,3.2,3.35,4.7,4.21,4.56,6.12,5.56,6.71,5.26,5.03,4.22,6.72
WS2M_RANGE,2010,4.96,4.77,4.6,4.51,4.35,4.96,4.34,4.22,4.38,5.26,4.16,3.98,5.26
WS2M_RANGE,2011,3.23,3.93,4.29,3.77,3.78,5.73,5.7,6.27,5.72,4.52,3.75,3.84,6.34
WS2M_RANGE,2012,3.59,3.81,4.06,3.38,5.28,5.43,6.02,6.42,5.2,4.59,3.91,4.2,6.44
WS2M_RANGE,2013,4.84,3.52,3.98,4.23,4.07,5.5,5.62,5.67,6.16,6.08,4.97,5.57,6.19
WS2M_RANGE,2014,3.38,3.53,3.91,3.81,3.87,5.67,7.07,6.47,4.62,5.32,4.16,4.29,7.58
WS2M_RANGE,2015,5.3,4.55,4.96,5.57,5.96,7.52,6.11,6.02,6.4,5.07,4.09,5.94,7.64
WS2M_RANGE,2016,4.66,4.14,4.66,4.34,4.91,5.48,5.38,6.47,4.65,3.7,4.1,4.49,6.52
WS2M_RANGE,2017,3.9,4.64,3.57,3.73,3.69,4.17,5.19,4.41,4.04,4.73,3.59,4.07,5.3
WS2M_RANGE,2018,3.09,3.91,4.95,4.81,3.77,4.38,4.95,7.11,4.93,4.56,3.73,4.41,7.41
WS2M_RANGE,2019,6.44,3.53,4.15,3.68,4.61,6.44,6.17,5.78,4.53,3.1,3.67,3.47,6.46
WS2M_RANGE,2020,6.26,5.15,4.88,4.21,5.38,5.38,5.66,6.27,4.51,4.51,3.45,4.38,6.31
WS2M_RANGE,2021,4.62,3.83,3.89,5.21,6.46,5.3,8.05,6.85,5.33,4.05,3.38,4.1,8.07
WS2M_RANGE,2022,3.99,3.55,4.47,5.17,5.71,3.91,5.22,4.82,4.63,5.67,4.52,3.58,5.73
PRECTOTCORR,1990,0.0,5.27,0.0,0.0,0.0,0.0,0.0,0.0,0.0,5.27,5.27,0.0,0.0
PRECTOTCORR,1991,0.0,0.0,0.0,0.0,0.0,0.0,0.0,0.0,0.0,0.0,0.0,0.0,0.0
PRECTOTCORR,1992,0.0,0.0,0.0,5.27,0.0,0.0,0.0,0.0,0.0,0.0,5.27,0.0,0.0
PRECTOTCORR,1993,0.0,0.0,5.27,0.0,0.0,0.0,0.0,0.0,0.0,0.0,5.27,5.27,0.0
PRECTOTCORR,1994,5.27,5.27,5.27,5.27,0.0,0.0,0.0,0.0,0.0,5.27,5.27,0.0,0.0
PRECTOTCORR,1995,0.0,0.0,5.27,0.0,0.0,0.0,0.0,0.0,5.27,5.27,0.0,0.0,0.0
PRECTOTCORR,1996,0.0,0.0,5.27,5.27,5.27,0.0,0.0,0.0,0.0,5.27,0.0,0.0,0.0
PRECTOTCORR,1997,5.27,0.0,5.27,5.27,0.0,0.0,0.0,0.0,0.0,0.0,5.27,0.0,0.0
PRECTOTCORR,1998,0.0,0.0,5.27,5.27,5.27,5.27,5.27,5.27,5.27,5.27,5.27,5.27,5.27
PRECTOTCORR,1999,5.27,5.27,5.27,5.27,5.27,5.27,0.0,0.0,5.27,5.27,5.27,5.27,5.27
PRECTOTCORR,2000,5.27,5.27,5.27,5.27,5.27,0.0,0.0,0.0,5.27,0.0,0.0,0.0,5.27
PRECTOTCORR,2001,0.0,0.0,0.0,0.0,0.0,0.0,0.0,0.0,0.0,0.0,0.0,5.27,0.0
PRECTOTCORR,2002,0.0,0.0,0.0,0.0,0.0,0.0,0.0,0.0,0.0,5.27,5.27,5.27,0.0
PRECTOTCORR,2003,0.0,0.0,5.27,5.27,0.0,0.0,0.0,0.0,0.0,5.27,0.0,0.0,0.0
PRECTOTCORR,2004,0.0,0.0,0.0,5.27,5.27,0.0,0.0,0.0,0.0,5.27,10.55,5.27,0.0
PRECTOTCORR,2005,0.0,0.0,0.0,0.0,0.0,0.0,0.0,0.0,0.0,5.27,5.27,0.0,0.0
PRECTOTCORR,2006,0.0,0.0,5.27,5.27,0.0,5.27,0.0,0.0,0.0,5.27,5.27,0.0,0.0
PRECTOTCORR,2007,0.0,0.0,0.0,5.27,0.0,0.0,0.0,0.0,0.0,5.27,0.0,0.0,0.0
PRECTOTCORR,2008,0.0,5.27,5.27,5.27,5.27,0.0,0.0,0.0,0.0,5.27,5.27,0.0,5.27
PRECTOTCORR,2009,0.0,0.0,5.27,0.0,0.0,0.0,0.0,0.0,0.0,0.0,0.0,0.0,0.0
PRECTOTCORR,2010,0.0,0.0,0.0,5.27,5.27,0.0,5.27,0.0,0.0,5.27,10.55,5.27,5.27
PRECTOTCORR,2011,0.0,5.27,5.27,5.27,0.0,0.0,0.0,0.0,0.0,5.27,10.55,5.27,5.27
PRECTOTCORR,2012,5.27,0.0,5.27,5.27,0.0,0.0,0.0,0.0,0.0,5.27,5.27,0.0,0.0
PRECTOTCORR,2013,0.0,5.27,5.27,5.27,5.27,0.0,0.0,0.0,0.0,5.27,5.27,5.27,5.27
PRECTOTCORR,2014,0.0,5.27,0.0,5.27,5.27,0.0,0.0,0.0,0.0,5.27,5.27,5.27,5.27
PRECTOTCORR,2015,0.0,0.0,5.27,5.27,0.0,0.0,0.0,0.0,0.0,0.0,5.27,0.0,0.0
PRECTOTCORR,2016,0.0,0.0,5.27,5.27,5.27,0.0,0.0,0.0,0.0,5.27,5.27,5.27,5.27
PRECTOTCORR,2017,5.27,0.0,5.27,5.27,5.27,5.27,0.0,0.0,0.0,5.27,5.27,5.27,5.27
PRECTOTCORR,2018,5.27,5.27,0.0,5.27,5.27,0.0,0.0,0.0,0.0,5.27,5.27,0.0,5.27
PRECTOTCORR,2019,0.0,0.0,5.27,5.27,5.27,0.0,0.0,0.0,0.0,5.27,5.27,0.0,5.27
PRECTOTCORR,2020,0.0,5.27,0.0,0.0,0.0,0.0,5.27,0.0,0.0,0.0,5.27,5.27,5.27
PRECTOTCORR,2021,4.25,2.45,3.91,7.2,3.81,5.75,1.26,1.5,2.37,2.05,2.55,2.74,3.32
PRECTOTCORR,2022,1.79,5.13,5.67,6.18,3.08,5.16,3.03,1.73,3.91,6.83,5.37,2.71,4.2
ALLSKY_SRF_ALB,1990,0.21,0.22,0.17,0.21,0.18,0.19,0.17,0.18,0.2,0.19,0.24,0.19,0.2
ALLSKY_SRF_ALB,1991,0.22,0.22,0.2,0.2,0.16,0.2,0.25,0.23,0.21,0.2,0.22,0.23,0.21
ALLSKY_SRF_ALB,1992,0.27,0.24,0.25,0.23,0.2,0.18,0.2,0.19,0.24,0.28,0.27,0.31,0.23
ALLSKY_SRF_ALB,1993,0.3,0.21,0.25,0.25,0.25,0.21,0.22,0.21,0.23,0.22,0.23,0.28,0.24
ALLSKY_SRF_ALB,1994,0.29,0.24,0.22,0.2,0.2,0.25,0.23,0.21,0.21,0.25,0.3,0.32,0.24
ALLSKY_SRF_ALB,1995,0.24,0.2,0.23,0.14,0.14,0.16,0.12,0.14,0.16,0.16,0.19,0.16,0.17
ALLSKY_SRF_ALB,1996,0.21,0.19,0.18,0.18,0.13,0.16,0.15,0.15,0.14,0.17,0.19,0.23,0.17
ALLSKY_SRF_ALB,1997,0.19,0.19,0.15,0.14,0.15,0.15,0.13,0.14,0.13,0.14,0.14,0.18,0.16
ALLSKY_SRF_ALB,1998,0.17,0.16,0.19,0.15,0.13,0.13,0.15,0.12,0.13,0.16,0.2,0.21,0.16
ALLSKY_SRF_ALB,1999,0.2,0.18,0.17,0.16,0.14,0.15,0.14,0.12,0.15,0.16,0.23,0.2,0.16
ALLSKY_SRF_ALB,2000,0.2,0.19,0.19,0.17,0.18,0.18,0.16,0.15,0.16,0.18,0.2,0.16,0.18
ALLSKY_SRF_ALB,2001,0.14,0.14,0.16,0.15,0.17,0.17,0.16,0.16,0.16,0.16,0.17,0.16,0.16
ALLSKY_SRF_ALB,2002,0.15,0.14,0.15,0.16,0.16,0.17,0.16,0.16,0.17,0.16,0.16,0.15,0.16
ALLSKY_SRF_ALB,2003,0.13,0.15,0.14,0.16,0.16,0.17,0.15,0.13,0.16,0.16,0.15,0.14,0.15
ALLSKY_SRF_ALB,2004,0.15,0.14,0.14,0.16,0.16,0.17,0.16,0.16,0.16,0.16,0.15,0.13,0.16
ALLSKY_SRF_ALB,2005,0.16,0.14,0.15,0.16,0.16,0.17,0.16,0.16,0.17,0.16,0.16,0.14,0.16
ALLSKY_SRF_ALB,2006,0.16,0.14,0.16,0.16,0.15,0.15,0.15,0.16,0.15,0.16,0.15,0.14,0.15
ALLSKY_SRF_ALB,2007,0.14,0.12,0.16,0.16,0.17,0.15,0.16,0.16,0.16,0.16,0.16,0.16,0.16
ALLSKY_SRF_ALB,2008,0.16,0.14,0.14,0.16,0.16,0.16,0.15,0.16,0.18,0.17,0.16,0.15,0.16
ALLSKY_SRF_ALB,2009,0.16,0.14,0.16,0.16,0.16,0.17,0.16,0.16,0.16,0.16,0.14,0.15,0.16
ALLSKY_SRF_ALB,2010,0.15,0.15,0.16,0.17,0.16,0.15,0.15,0.15,0.17,0.16,0.16,0.16,0.16
ALLSKY_SRF_ALB,2011,0.12,0.15,0.15,0.15,0.16,0.16,0.14,0.14,0.15,0.16,0.14,0.15,0.15
ALLSKY_SRF_ALB,2012,0.15,0.14,0.16,0.16,0.16,0.15,0.16,0.15,0.16,0.16,0.14,0.12,0.15
ALLSKY_SRF_ALB,2013,0.15,0.15,0.16,0.16,0.17,0.16,0.15,0.16,0.17,0.15,0.14,0.15,0.16
ALLSKY_SRF_ALB,2014,0.15,0.14,0.16,0.15,0.16,0.16,0.14,0.16,0.15,0.16,0.14,0.13,0.15
ALLSKY_SRF_ALB,2015,0.15,0.14,0.15,0.15,0.16,0.16,0.15,0.17,0.16,0.16,0.15,0.16,0.16
ALLSKY_SRF_ALB,2016,0.13,0.14,0.15,0.16,0.15,0.14,0.16,0.16,0.15,0.15,0.16,0.16,0.16
ALLSKY_SRF_ALB,2017,0.16,0.12,0.16,0.16,0.16,0.14,0.15,0.15,0.16,0.17,0.14,0.14,0.15
ALLSKY_SRF_ALB,2018,0.15,0.13,0.14,0.16,0.16,0.16,0.15,0.15,0.16,0.15,0.16,0.14,0.15
ALLSKY_SRF_ALB,2019,0.15,0.16,0.15,0.16,0.17,0.16,0.14,0.16,0.16,0.16,0.14,0.14,0.15
ALLSKY_SRF_ALB,2020,0.16,0.14,0.14,0.16,0.16,0.16,0.16,0.16,0.15,0.16,0.16,0.16,0.16
ALLSKY_SRF_ALB,2021,0.15,0.15,0.16,0.17,0.15,0.15,0.15,0.17,0.16,0.16,0.16,0.16,0.16
ALLSKY_SRF_ALB,2022,0.16,0.15,0.15,0.16,0.16,0.16,0.16,0.16,0.16,0.16,0.16,0.14,0.16
PRECTOTCORR_SUM,1990,63.28,126.56,68.55,52.73,73.83,26.37,10.55,10.55,15.82,137.11,94.92,63.28,743.55
PRECTOTCORR_SUM,1991,0.0,5.27,58.01,63.28,36.91,21.09,42.19,10.55,58.01,21.09,21.09,68.55,406.05
PRECTOTCORR_SUM,1992,52.73,52.73,10.55,121.29,68.55,0.0,36.91,15.82,52.73,31.64,89.65,31.64,564.26
PRECTOTCORR_SUM,1993,79.1,26.37,142.38,68.55,58.01,31.64,31.64,0.0,68.55,68.55,121.29,131.84,827.93
PRECTOTCORR_SUM,1994,142.38,84.38,94.92,89.65,47.46,47.46,63.28,26.37,31.64,100.2,84.38,21.09,833.2
PRECTOTCORR_SUM,1995,10.55,31.64,94.92,68.55,42.19,42.19,42.19,15.82,84.38,94.92,63.28,36.91,627.54
PRECTOTCORR_SUM,1996,15.82,68.55,110.74,121.29,110.74,52.73,36.91,10.55,58.01,116.02,26.37,42.19,769.92
PRECTOTCORR_SUM,1997,89.65,42.19,89.65,105.47,63.28,73.83,10.55,26.37,26.37,42.19,121.29,21.09,711.91
PRECTOTCORR_SUM,1998,0.0,36.91,126.56,110.74,116.02,100.2,105.47,94.92,152.93,121.29,221.48,131.84,1318.36
PRECTOTCORR_SUM,1999,126.56,216.21,131.84,210.94,168.75,84.38,5.27,42.19,89.65,110.74,110.74,137.11,1434.38
PRECTOTCORR_SUM,2000,142.38,110.74,142.38,100.2,137.11,63.28,58.01,26.37,94.92,42.19,58.01,31.64,1007.23
PRECTOTCORR_SUM,2001,52.73,31.64,63.28,58.01,36.91,31.64,5.27,5.27,36.91,36.91,79.1,94.92,532.62
PRECTOTCORR_SUM,2002,15.82,31.64,52.73,79.1,79.1,63.28,26.37,15.82,36.91,84.38,168.75,89.65,743.55
PRECTOTCORR_SUM,2003,10.55,36.91,84.38,100.2,26.37,26.37,26.37,31.64,5.27,147.66,79.1,10.55,585.35
PRECTOTCORR_SUM,2004,79.1,26.37,26.37,84.38,126.56,5.27,15.82,0.0,26.37,131.84,247.85,84.38,854.3
PRECTOTCORR_SUM,2005,10.55,31.64,26.37,79.1,63.28,26.37,26.37,42.19,36.91,110.74,116.02,68.55,638.09
PRECTOTCORR_SUM,2006,31.64,68.55,84.38,84.38,42.19,100.2,10.55,0.0,36.91,94.92,105.47,42.19,701.37
PRECTOTCORR_SUM,2007,26.37,15.82,68.55,116.02,73.83,0.0,36.91,26.37,31.64,142.38,31.64,73.83,643.36
PRECTOTCORR_SUM,2008,63.28,121.29,105.47,131.84,147.66,63.28,26.37,47.46,47.46,131.84,163.48,79.1,1128.52
PRECTOTCORR_SUM,2009,52.73,47.46,147.66,36.91,15.82,36.91,0.0,36.91,21.09,26.37,42.19,52.73,516.8
PRECTOTCORR_SUM,2010,0.0,26.37,10.55,221.48,116.02,58.01,94.92,21.09,63.28,131.84,237.3,137.11,1117.97
PRECTOTCORR_SUM,2011,26.37,142.38,100.2,216.21,79.1,42.19,63.28,5.27,42.19,105.47,295.31,152.93,1270.9
PRECTOTCORR_SUM,2012,137.11,73.83,89.65,137.11,68.55,26.37,15.82,21.09,21.09,152.93,126.56,63.28,933.4
PRECTOTCORR_SUM,2013,10.55,89.65,94.92,116.02,221.48,21.09,10.55,36.91,36.91,158.2,116.02,100.2,1012.5
PRECTOTCORR_SUM,2014,52.73,84.38,63.28,174.02,131.84,42.19,21.09,15.82,42.19,131.84,158.2,94.92,1012.5
PRECTOTCORR_SUM,2015,42.19,58.01,152.93,121.29,42.19,10.55,15.82,5.27,26.37,73.83,100.2,5.27,653.91
PRECTOTCORR_SUM,2016,47.46,15.82,131.84,184.57,147.66,15.82,26.37,5.27,79.1,168.75,110.74,131.84,1065.23
PRECTOTCORR_SUM,2017,100.2,36.91,242.58,163.48,163.48,84.38,10.55,58.01,63.28,205.66,174.02,137.11,1439.65
PRECTOTCORR_SUM,2018,89.65,110.74,68.55,152.93,163.48,42.19,79.1,63.28,68.55,110.74,163.48,21.09,1133.79
PRECTOTCORR_SUM,2019,31.64,68.55,110.74,179.3,179.3,73.83,5.27,5.27,68.55,152.93,226.76,79.1,1181.25
PRECTOTCORR_SUM,2020,31.64,84.38,31.64,73.83,73.83,79.1,121.29,79.1,42.19,79.1,147.66,131.84,975.59
PRECTOTCORR_SUM,2021,131.84,68.55,121.29,216.07,118.02,172.61,39.2,46.54,70.96,63.46,76.53,84.99,1210.06
PRECTOTCORR_SUM,2022,55.45,143.56,175.64,185.54,95.33,154.84,94.03,53.48,117.4,211.6,161.09,83.87,1531.83
ALLSKY_SFC_LW_DWN,1990,359.69,352.7,365.52,378.96,365.8,360.3,376.23,377.77,374.14,364.2,363.42,368.24,367.34
ALLSKY_SFC_LW_DWN,1991,360.63,366.53,363.91,373.92,364.52,385.06,369.24,343.66,346.36,345.99,350.81,349.03,359.88
ALLSKY_SFC_LW_DWN,1992,355.55,359.66,370.29,366.79,345.48,355.67,366.09,366.77,364.09,367.09,349.26,353.68,360.05
ALLSKY_SFC_LW_DWN,1993,360.59,359.18,372.15,374.55,378.03,366.43,367.17,363.2,374.8,380.21,354.43,351.15,366.88
ALLSKY_SFC_LW_DWN,1994,358.44,345.53,362.82,364.2,372.4,382.73,350.2,364.07,370.9,361.38,355.53,359.14,362.35
ALLSKY_SFC_LW_DWN,1995,358.07,363.62,365.2,373.52,361.95,351.97,347.23,352.69,372.13,359.7,357.8,362.26,360.45
ALLSKY_SFC_LW_DWN,1996,353.08,337.54,359.61,366.73,354.6,358.33,349.64,361.96,367.34,367.66,361.82,348.36,357.26
ALLSKY_SFC_LW_DWN,1997,342.48,361.46,359.49,372.46,359.74,358.34,391.04,369.56,370.09,359.66,359.49,350.48,362.84
ALLSKY_SFC_LW_DWN,1998,369.23,372.27,362.27,338.81,367.3,361.55,366.38,367.07,369.21,367.18,366.41,374.74,365.21
ALLSKY_SFC_LW_DWN,1999,364.11,373.67,355.27,368.4,370.32,376.32,356.55,363.52,362.84,358.54,350.61,347.52,362.19
ALLSKY_SFC_LW_DWN,2000,353.38,367.07,367.83,378.19,369.78,365.54,367.57,362.96,365.73,363.05,358.36,355.13,364.51
ALLSKY_SFC_LW_DWN,2001,373.69,381.88,381.61,382.8,379.2,378.51,374.27,379.67,377.27,376.7,377.48,383.16,378.83
ALLSKY_SFC_LW_DWN,2002,377.84,383.47,380.5,380.44,381.45,379.55,377.74,377.51,376.55,377.91,380.99,380.46,379.5
ALLSKY_SFC_LW_DWN,2003,378.55,384.19,382.07,380.9,381.42,376.0,377.41,376.2,376.72,377.25,377.51,375.38,378.59
ALLSKY_SFC_LW_DWN,2004,377.09,379.75,382.98,381.68,380.12,375.8,374.55,378.61,376.45,377.15,376.74,377.02,378.16
ALLSKY_SFC_LW_DWN,2005,380.21,382.84,381.02,382.91,378.41,378.55,375.54,377.8,376.92,375.27,376.1,377.8,378.58
ALLSKY_SFC_LW_DWN,2006,378.46,381.85,379.88,381.29,377.73,376.68,377.02,375.46,375.64,375.8,376.27,377.79,377.79
ALLSKY_SFC_LW_DWN,2007,382.88,376.81,382.15,380.04,379.54,378.84,374.05,379.41,376.21,373.69,379.48,377.12,378.36
ALLSKY_SFC_LW_DWN,2008,376.52,376.54,375.78,373.81,378.52,376.59,373.91,377.08,375.96,378.05,376.97,378.9,376.56
ALLSKY_SFC_LW_DWN,2009,378.15,378.52,379.38,378.59,377.02,376.86,377.13,379.11,376.91,376.83,378.4,377.05,377.82
ALLSKY_SFC_LW_DWN,2010,379.75,381.49,381.62,382.08,381.4,379.61,378.2,378.8,375.09,373.56,371.91,371.47,377.89
ALLSKY_SFC_LW_DWN,2011,374.42,373.52,373.31,377.2,378.77,376.79,376.77,375.14,374.73,371.52,371.98,379.04,375.28
ALLSKY_SFC_LW_DWN,2012,376.09,377.8,381.4,377.48,378.04,374.45,373.41,376.84,374.86,372.16,377.38,375.13,376.25
ALLSKY_SFC_LW_DWN,2013,380.73,381.38,379.04,377.81,378.59,374.3,374.75,377.11,374.92,375.77,376.48,377.35,377.34
ALLSKY_SFC_LW_DWN,2014,381.07,380.12,378.27,378.78,378.09,377.78,376.19,374.07,375.26,377.47,376.58,375.47,377.41
ALLSKY_SFC_LW_DWN,2015,376.8,379.89,380.34,379.93,380.11,379.42,377.22,377.74,376.2,380.84,379.84,374.54,378.56
ALLSKY_SFC_LW_DWN,2016,382.2,385.98,383.7,383.48,380.34,376.09,375.51,377.54,375.63,376.46,373.26,377.37,378.95
ALLSKY_SFC_LW_DWN,2017,374.59,373.3,379.83,377.94,378.02,377.66,376.28,373.79,376.37,377.62,375.4,378.67,376.65
ALLSKY_SFC_LW_DWN,2018,370.55,375.32,375.8,375.77,377.03,376.35,377.16,370.93,374.38,372.89,376.44,370.87,374.44
ALLSKY_SFC_LW_DWN,2019,374.23,380.0,379.52,380.59,376.51,375.75,375.34,371.79,374.48,373.58,372.45,374.39,375.68
ALLSKY_SFC_LW_DWN,2020,369.57,376.34,379.98,380.85,378.55,376.36,373.46,374.62,375.54,375.06,372.95,372.77,375.49
ALLSKY_SFC_LW_DWN,2021,370.6,380.17,376.12,375.94,375.72,372.95,376.12,375.46,373.09,377.28,373.55,374.07,375.06
ALLSKY_SFC_LW_DWN,2022,372.98,376.02,377.51,376.48,375.37,375.58,374.82,373.19,373.85,372.45,371.69,370.12,374.16
ALLSKY_SFC_SW_DNI,1990,,,,,,,,,,,,,
ALLSKY_SFC_SW_DNI,1991,,,,,,,,,,,,,
ALLSKY_SFC_SW_DNI,1992,,,,,,,,,,,,,
ALLSKY_SFC_SW_DNI,1993,,,,,,,,,,,,,
ALLSKY_SFC_SW_DNI,1994,,,,,,,,,,,,,
ALLSKY_SFC_SW_DNI,1995,,,,,,,,,,,,,
ALLSKY_SFC_SW_DNI,1996,,,,,,,,,,,,,
ALLSKY_SFC_SW_DNI,1997,,,,,,,,,,,,,
ALLSKY_SFC_SW_DNI,1998,,,,,,,,,,,,,
ALLSKY_SFC_SW_DNI,1999,,,,,,,,,,,,,
ALLSKY_SFC_SW_DNI,2000,,,,,,,,,,,,,
ALLSKY_SFC_SW_DNI,2001,11.26,10.18,7.52,8.26,6.72,7.71,9.31,9.11,7.83,10.04,7.88,7.7,8.62
ALLSKY_SFC_SW_DNI,2002,11.62,10.32,7.96,7.91,7.67,7.81,7.66,8.63,8.74,8.61,8.65,9.69,8.76
ALLSKY_SFC_SW_DNI,2003,13.25,8.13,8.16,7.66,7.67,7.27,8.19,9.49,7.45,8.06,9.54,10.87,8.83
ALLSKY_SFC_SW_DNI,2004,11.74,11.07,8.73,7.66,7.2,8.13,7.96,9.44,8.5,8.17,9.58,10.19,9.03
ALLSKY_SFC_SW_DNI,2005,8.82,9.47,7.41,7.39,8.53,6.43,10.31,7.54,8.16,8.07,9.37,10.46,8.49
ALLSKY_SFC_SW_DNI,2006,9.36,9.29,7.07,7.54,7.96,8.04,7.92,10.21,8.95,9.03,8.78,9.54,8.64
ALLSKY_SFC_SW_DNI,2007,11.75,13.2,6.51,7.1,6.71,8.21,10.96,6.85,8.68,7.96,8.32,7.16,8.59
ALLSKY_SFC_SW_DNI,2008,9.19,8.76,7.71,8.42,7.09,7.69,7.47,7.89,7.62,7.95,7.43,8.83,8.0
ALLSKY_SFC_SW_DNI,2009,7.81,8.51,7.41,7.9,8.8,7.31,10.4,8.51,10.81,8.95,10.02,11.44,8.99
ALLSKY_SFC_SW_DNI,2010,13.26,9.44,7.97,7.53,7.8,8.23,7.7,7.98,6.97,7.69,7.13,7.67,8.28
ALLSKY_SFC_SW_DNI,2011,10.91,7.61,8.34,7.71,7.71,7.91,8.63,10.45,8.91,7.77,9.07,9.55,8.73
ALLSKY_SFC_SW_DNI,2012,9.49,10.1,7.89,6.95,8.25,9.31,9.11,8.94,9.34,8.65,8.68,11.05,8.98
ALLSKY_SFC_SW_DNI,2013,11.89,7.74,7.51,8.4,7.05,9.22,9.16,7.99,9.37,9.24,8.39,11.05,8.93
ALLSKY_SFC_SW_DNI,2014,10.47,8.47,6.71,8.98,8.18,8.2,10.49,9.23,9.39,8.01,9.5,12.28,9.17
ALLSKY_SFC_SW_DNI,2015,11.67,9.74,9.0,8.45,7.4,8.16,8.39,8.93,10.47,8.07,8.83,13.01,9.34
ALLSKY_SFC_SW_DNI,2016,11.79,9.05,7.2,8.04,8.02,8.96,8.69,9.45,9.54,8.66,10.51,9.25,9.09
ALLSKY_SFC_SW_DNI,2017,10.74,12.86,7.33,8.7,8.16,8.59,9.32,10.24,9.71,7.14,9.07,11.55,9.43
ALLSKY_SFC_SW_DNI,2018,10.51,10.49,9.32,7.45,8.24,7.61,8.27,10.23,9.34,10.09,7.74,12.35,9.31
ALLSKY_SFC_SW_DNI,2019,12.62,9.2,6.93,7.43,7.09,7.91,9.65,10.16,8.7,8.17,9.31,9.74,8.91
ALLSKY_SFC_SW_DNI,2020,14.73,12.06,9.38,7.83,7.15,7.87,9.24,7.7,9.38,9.15,9.01,9.63,9.42
ALLSKY_SFC_SW_DNI,2021,10.51,8.25,7.43,6.56,9.04,8.57,9.08,7.05,10.62,8.91,9.18,8.52,8.64
ALLSKY_SFC_SW_DNI,2022,9.37,7.9,8.0,7.56,7.7,7.95,8.42,8.74,8.54,7.97,8.31,10.42,8.41
ALLSKY_SFC_SW_DWN,1990,17.18,17.91,16.5,16.8,15.9,17.61,17.64,17.57,18.28,16.51,17.99,15.17,17.07
ALLSKY_SFC_SW_DWN,1991,17.96,18.01,17.63,18.26,16.08,16.38,16.61,19.77,18.44,19.2,17.35,17.63,17.78
ALLSKY_SFC_SW_DWN,1992,17.81,18.2,18.38,17.7,16.77,17.66,16.07,17.14,16.48,14.49,15.22,15.29,16.76
ALLSKY_SFC_SW_DWN,1993,15.32,18.14,16.47,16.37,16.4,16.94,18.2,18.56,14.75,15.59,16.31,15.54,16.54
ALLSKY_SFC_SW_DWN,1994,16.8,17.34,16.79,17.0,16.12,16.95,18.17,17.99,17.11,16.58,16.67,15.21,16.89
ALLSKY_SFC_SW_DWN,1995,18.2,19.1,18.92,16.14,16.44,15.71,17.0,18.87,18.02,15.99,15.77,15.22,17.11
ALLSKY_SFC_SW_DWN,1996,16.68,17.97,17.68,17.31,16.77,16.66,18.01,18.11,18.68,16.59,16.88,16.25,17.29
ALLSKY_SFC_SW_DWN,1997,17.32,17.95,18.44,16.66,16.9,18.0,18.18,19.0,18.19,18.38,17.37,19.34,17.98
ALLSKY_SFC_SW_DWN,1998,18.68,18.15,18.26,18.44,16.66,17.37,17.92,17.27,17.46,17.09,15.69,15.76,17.39
ALLSKY_SFC_SW_DWN,1999,16.54,16.88,19.11,16.38,17.66,16.21,18.06,18.21,16.92,16.62,15.81,15.5,17.0
ALLSKY_SFC_SW_DWN,2000,16.41,17.28,17.83,15.75,16.09,16.53,17.52,17.95,17.01,16.27,15.51,15.49,16.64
ALLSKY_SFC_SW_DWN,2001,15.88,15.71,14.64,15.47,14.84,15.1,15.84,16.05,15.1,16.18,14.51,13.46,15.23
ALLSKY_SFC_SW_DWN,2002,15.83,15.64,15.62,15.86,15.43,14.9,14.67,15.61,16.09,16.1,15.07,14.99,15.48
ALLSKY_SFC_SW_DWN,2003,16.23,14.47,15.19,14.96,14.86,14.51,14.77,16.04,14.93,14.96,15.17,15.13,15.11
ALLSKY_SFC_SW_DWN,2004,15.61,15.89,14.98,14.47,14.57,15.08,15.06,15.78,15.75,15.35,15.26,14.52,15.19
ALLSKY_SFC_SW_DWN,2005,14.77,14.56,14.21,15.49,15.71,14.09,16.02,15.01,15.26,15.21,15.19,14.52,15.01
ALLSKY_SFC_SW_DWN,2006,14.25,14.8,14.58,14.99,14.65,14.9,14.98,16.24,15.79,15.8,14.63,14.19,14.98
ALLSKY_SFC_SW_DWN,2007,15.66,17.12,13.67,14.89,14.25,14.66,16.52,14.18,15.38,14.9,14.08,13.16,14.86
ALLSKY_SFC_SW_DWN,2008,14.16,14.79,15.2,15.91,14.75,14.74,14.57,15.15,15.13,15.21,13.58,14.09,14.77
ALLSKY_SFC_SW_DWN,2009,13.63,14.91,14.37,14.92,15.71,14.46,15.93,15.24,17.03,15.82,15.31,15.01,15.2
ALLSKY_SFC_SW_DWN,2010,16.03,14.95,15.47,14.83,14.65,14.41,14.13,14.27,14.7,14.9,13.54,13.32,14.6
ALLSKY_SFC_SW_DWN,2011,15.23,14.45,15.61,15.3,14.83,14.69,14.66,16.67,15.81,14.59,14.84,13.82,15.05
ALLSKY_SFC_SW_DWN,2012,14.51,15.13,15.03,14.77,15.1,15.45,15.73,15.34,15.89,15.28,14.53,14.45,15.1
ALLSKY_SFC_SW_DWN,2013,15.1,13.5,14.41,15.5,14.37,15.5,15.35,14.83,16.23,15.39,14.38,14.5,14.93
ALLSKY_SFC_SW_DWN,2014,14.53,14.65,14.65,15.83,15.12,15.1,16.38,15.58,16.14,14.94,14.82,15.43,15.27
ALLSKY_SFC_SW_DWN,2015,15.49,15.65,15.24,15.66,15.1,15.26,15.01,15.6,17.02,15.44,14.75,16.91,15.59
ALLSKY_SFC_SW_DWN,2016,15.61,14.72,14.28,14.38,14.91,15.04,15.3,15.69,16.11,15.18,15.2,13.9,15.02
ALLSKY_SFC_SW_DWN,2017,15.18,17.07,14.64,15.81,15.17,14.77,15.39,16.26,16.33,14.24,14.66,14.83,15.35
ALLSKY_SFC_SW_DWN,2018,15.04,15.81,15.36,15.16,15.33,14.7,14.83,16.71,16.38,16.28,14.41,15.93,15.5
ALLSKY_SFC_SW_DWN,2019,15.38,14.94,13.91,15.1,14.73,14.69,15.82,16.67,15.92,15.81,14.55,14.36,15.16
ALLSKY_SFC_SW_DWN,2020,17.21,16.64,15.15,15.09,14.58,14.93,15.64,14.39,16.14,16.06,14.84,15.05,15.47
ALLSKY_SFC_SW_DWN,2021,15.42,15.0,14.86,14.77,15.6,15.13,15.27,15.22,16.93,15.71,14.5,13.33,15.14
ALLSKY_SFC_SW_DWN,2022,14.6,14.32,15.17,15.3,14.41,14.33,14.84,15.61,15.67,14.89,14.13,14.51,14.82
CLRSKY_SFC_SW_DWN,1990,24.58,26.52,26.98,26.96,25.47,25.06,24.22,24.99,25.34,26.24,25.12,23.75,25.42
CLRSKY_SFC_SW_DWN,1991,24.48,25.46,26.31,26.55,25.61,23.48,23.7,25.02,25.17,25.82,25.09,24.1,25.06
CLRSKY_SFC_SW_DWN,1992,24.32,25.04,25.37,25.74,26.06,24.21,22.74,23.39,24.44,24.18,24.52,22.81,24.39
CLRSKY_SFC_SW_DWN,1993,22.92,23.11,25.43,25.66,25.17,24.26,24.01,24.52,23.42,24.82,24.8,24.37,24.38
CLRSKY_SFC_SW_DWN,1994,23.79,25.52,25.66,26.73,25.1,23.38,24.71,25.19,25.24,24.11,23.5,22.25,24.59
CLRSKY_SFC_SW_DWN,1995,24.12,25.08,26.71,25.64,25.78,25.36,24.65,25.64,25.91,25.92,24.69,23.54,25.25
CLRSKY_SFC_SW_DWN,1996,24.5,26.96,26.76,25.99,25.74,24.62,25.23,24.74,25.22,25.27,25.16,24.43,25.38
CLRSKY_SFC_SW_DWN,1997,25.7,26.12,26.51,24.95,25.67,25.5,23.67,25.29,25.89,25.72,25.37,24.33,25.39
CLRSKY_SFC_SW_DWN,1998,24.56,25.39,26.39,27.93,25.73,24.87,24.31,24.28,25.39,26.05,24.75,23.39,25.25
CLRSKY_SFC_SW_DWN,1999,24.85,25.72,27.26,26.2,25.28,24.25,24.07,24.9,26.45,25.84,25.04,24.26,25.34
CLRSKY_SFC_SW_DWN,2000,25.13,26.05,26.83,25.95,25.95,24.49,24.07,25.21,26.13,25.59,24.95,24.04,25.36
CLRSKY_SFC_SW_DWN,2001,24.9,25.88,25.6,25.71,25.11,24.22,24.6,24.99,26.3,26.13,24.98,23.98,25.19
CLRSKY_SFC_SW_DWN,2002,24.82,25.6,26.37,26.29,25.18,24.43,24.36,25.03,26.16,25.99,24.68,24.14,25.25
CLRSKY_SFC_SW_DWN,2003,24.46,25.22,25.3,25.73,25.27,24.38,24.21,25.19,25.95,26.14,24.92,24.19,25.08
CLRSKY_SFC_SW_DWN,2004,24.61,25.58,26.3,25.99,25.21,24.35,24.69,25.35,26.19,26.22,25.05,24.17,25.31
CLRSKY_SFC_SW_DWN,2005,24.7,25.73,26.12,25.97,25.16,23.7,24.26,24.64,25.68,25.98,25.01,24.18,25.09
CLRSKY_SFC_SW_DWN,2006,24.74,25.53,26.16,25.95,24.87,23.99,24.03,25.3,26.01,26.02,24.9,23.84,25.11
CLRSKY_SFC_SW_DWN,2007,24.59,25.29,25.51,25.93,25.09,24.18,24.65,24.83,25.76,25.95,24.91,24.28,25.08
CLRSKY_SFC_SW_DWN,2008,24.73,25.59,26.14,25.88,24.63,24.03,24.24,25.58,26.03,25.81,24.79,24.35,25.15
CLRSKY_SFC_SW_DWN,2009,24.6,25.82,26.42,25.95,25.13,24.18,24.6,25.25,26.38,25.83,24.75,24.24,25.26
CLRSKY_SFC_SW_DWN,2010,24.75,25.4,25.87,26.14,25.09,24.34,24.3,24.53,25.76,26.0,24.97,24.03,25.09
CLRSKY_SFC_SW_DWN,2011,24.81,25.58,26.67,26.2,24.98,24.3,24.49,25.56,26.23,26.22,25.12,24.48,25.38
CLRSKY_SFC_SW_DWN,2012,24.81,26.01,26.6,25.99,25.05,24.27,24.33,25.3,26.21,26.01,24.88,24.2,25.3
CLRSKY_SFC_SW_DWN,2013,24.89,25.4,26.39,25.97,25.29,24.43,24.57,25.32,26.21,26.24,24.99,24.44,25.34
CLRSKY_SFC_SW_DWN,2014,24.7,25.44,25.83,26.03,25.09,24.28,24.46,25.19,26.64,25.95,24.98,24.32,25.24
CLRSKY_SFC_SW_DWN,2015,24.73,25.68,26.32,26.01,24.75,24.16,24.34,25.04,26.36,25.66,24.62,24.15,25.15
CLRSKY_SFC_SW_DWN,2016,24.23,25.07,25.47,26.0,24.81,24.14,24.41,25.38,26.43,26.12,24.99,24.08,25.09
CLRSKY_SFC_SW_DWN,2017,24.69,25.85,26.41,26.08,25.3,24.23,24.36,25.67,26.17,25.84,24.92,24.27,25.31
CLRSKY_SFC_SW_DWN,2018,24.85,25.82,26.36,26.15,25.22,24.08,24.33,25.73,26.25,26.18,24.9,24.32,25.34
CLRSKY_SFC_SW_DWN,2019,24.58,25.34,25.45,25.86,25.06,24.25,24.46,24.88,26.2,25.94,24.95,24.09,25.08
CLRSKY_SFC_SW_DWN,2020,24.96,25.9,25.6,25.66,24.89,24.2,24.37,24.97,26.32,26.05,24.69,24.19,25.15
CLRSKY_SFC_SW_DWN,2021,25.02,25.69,26.49,26.06,25.14,24.11,24.29,25.3,26.48,26.13,25.07,24.23,25.33
CLRSKY_SFC_SW_DWN,2022,24.82,25.71,26.42,26.23,25.29,24.36,24.51,25.47,26.3,26.18,24.85,24.23,25.36
ALLSKY_SFC_SW_DIFF,1990,,,,,,,,,,,,,
ALLSKY_SFC_SW_DIFF,1991,,,,,,,,,,,,,
ALLSKY_SFC_SW_DIFF,1992,,,,,,,,,,,,,
ALLSKY_SFC_SW_DIFF,1993,,,,,,,,,,,,,
ALLSKY_SFC_SW_DIFF,1994,,,,,,,,,,,,,
ALLSKY_SFC_SW_DIFF,1995,,,,,,,,,,,,,
ALLSKY_SFC_SW_DIFF,1996,,,,,,,,,,,,,
ALLSKY_SFC_SW_DIFF,1997,,,,,,,,,,,,,
ALLSKY_SFC_SW_DIFF,1998,,,,,,,,,,,,,
ALLSKY_SFC_SW_DIFF,1999,,,,,,,,,,,,,
ALLSKY_SFC_SW_DIFF,2000,,,,,,,,,,,,,
ALLSKY_SFC_SW_DIFF,2001,8.4,8.55,8.98,9.17,9.86,9.62,9.16,9.38,9.14,8.96,9.08,8.36,9.06
ALLSKY_SFC_SW_DIFF,2002,8.13,8.39,9.6,9.86,9.71,9.45,9.29,9.33,9.55,9.68,9.2,8.45,9.22
ALLSKY_SFC_SW_DIFF,2003,7.59,8.8,9.06,9.16,9.23,9.38,8.97,8.96,9.34,9.1,8.68,8.07,8.86
ALLSKY_SFC_SW_DIFF,2004,7.76,8.29,8.55,8.67,9.26,9.45,9.45,8.89,9.3,9.3,8.7,7.91,8.8
ALLSKY_SFC_SW_DIFF,2005,8.85,7.95,8.71,9.85,9.38,9.52,8.69,9.36,9.15,9.29,8.72,7.83,8.95
ALLSKY_SFC_SW_DIFF,2006,8.04,8.29,9.24,9.22,8.8,9.16,9.4,8.84,9.19,9.26,8.6,7.95,8.83
ALLSKY_SFC_SW_DIFF,2007,7.76,7.91,8.81,9.48,9.36,8.93,8.78,9.14,8.98,9.0,8.45,8.44,8.76
ALLSKY_SFC_SW_DIFF,2008,8.03,8.66,9.41,9.51,9.44,9.24,9.28,9.37,9.36,9.44,8.54,8.24,9.04
ALLSKY_SFC_SW_DIFF,2009,8.4,8.87,8.77,8.97,9.22,9.24,8.7,8.97,9.05,9.24,8.42,7.55,8.78
ALLSKY_SFC_SW_DIFF,2010,7.38,8.36,9.54,9.14,8.99,8.75,8.72,8.43,9.36,9.33,8.64,8.28,8.75
ALLSKY_SFC_SW_DIFF,2011,8.03,9.06,9.47,9.42,9.18,9.15,8.64,9.07,9.18,8.88,8.69,7.68,8.87
ALLSKY_SFC_SW_DIFF,2012,8.12,8.15,9.17,9.51,9.13,8.88,9.19,8.78,9.01,9.04,8.67,7.3,8.75
ALLSKY_SFC_SW_DIFF,2013,7.34,8.17,8.83,9.15,9.22,9.07,9.02,8.98,9.25,8.77,8.64,7.39,8.65
ALLSKY_SFC_SW_DIFF,2014,7.72,8.75,9.57,9.08,9.06,9.28,8.88,8.85,9.18,9.16,8.34,7.46,8.78
ALLSKY_SFC_SW_DIFF,2015,7.82,8.79,8.54,9.32,9.61,9.48,9.06,9.08,9.25,9.55,8.73,8.39,8.97
ALLSKY_SFC_SW_DIFF,2016,7.73,8.37,8.84,8.34,9.02,8.75,9.28,8.78,8.99,9.02,8.01,7.91,8.59
ALLSKY_SFC_SW_DIFF,2017,8.1,8.17,9.1,9.26,9.29,8.76,8.84,8.88,9.01,9.03,8.54,7.4,8.7
ALLSKY_SFC_SW_DIFF,2018,8.12,8.55,8.63,9.54,9.34,9.35,9.02,9.36,9.48,8.98,9.04,8.07,8.96
ALLSKY_SFC_SW_DIFF,2019,7.16,8.46,8.72,9.45,9.51,9.23,9.02,9.22,9.39,9.9,8.22,8.05,8.86
ALLSKY_SFC_SW_DIFF,2020,7.71,8.41,8.27,9.24,9.37,9.35,9.16,8.68,9.18,9.46,8.67,8.68,8.85
ALLSKY_SFC_SW_DIFF,2021,8.6,9.18,9.27,9.78,9.09,9.08,8.91,9.98,9.12,9.34,8.38,7.83,9.04
ALLSKY_SFC_SW_DIFF,2022,8.43,8.78,9.23,9.62,8.94,8.72,9.01,9.33,9.3,9.13,8.4,7.85,8.9
